-- MySQL dump 10.13  Distrib 5.5.28, for debian-linux-gnu (x86_64)
--
-- Host: 127.0.0.1    Database: sakila
-- ------------------------------------------------------
-- Server version	5.5.28-1~dotdeb.0

--
-- Database Sakila
--
DROP DATABASE IF EXISTS sakila;
CREATE DATABASE sakila;
USE sakila;

--
-- Table structure for table  actor 
--

DROP TABLE IF EXISTS actor;
CREATE TABLE actor (
  actor_id int unsigned NOT NULL AUTO_INCREMENT,
  first_name varchar(45) NOT NULL,
  last_name varchar(45) NOT NULL,
  last_update timestamp NOT NULL DEFAULT CURRENT_TIMESTAMP ON UPDATE CURRENT_TIMESTAMP,
  PRIMARY KEY (actor_id),
  KEY idx_actor_last_name (last_name)
);

--
-- Dumping data for table actor
--
INSERT INTO actor VALUES (1,'PENELOPE','GUINESS','2006-02-15 07:34:33'),(2,'NICK','WAHLBERG','2006-02-15 07:34:33'),(3,'ED','CHASE','2006-02-15 07:34:33'),(4,'JENNIFER','DAVIS','2006-02-15 07:34:33'),(5,'JOHNNY','LOLLOBRIGIDA','2006-02-15 07:34:33'),(6,'BETTE','NICHOLSON','2006-02-15 07:34:33'),(7,'GRACE','MOSTEL','2006-02-15 07:34:33'),(8,'MATTHEW','JOHANSSON','2006-02-15 07:34:33'),(9,'JOE','SWANK','2006-02-15 07:34:33'),(10,'CHRISTIAN','GABLE','2006-02-15 07:34:33'),(11,'ZERO','CAGE','2006-02-15 07:34:33'),(12,'KARL','BERRY','2006-02-15 07:34:33'),(13,'UMA','WOOD','2006-02-15 07:34:33'),(14,'VIVIEN','BERGEN','2006-02-15 07:34:33'),(15,'CUBA','OLIVIER','2006-02-15 07:34:33'),(16,'FRED','COSTNER','2006-02-15 07:34:33'),(17,'HELEN','VOIGHT','2006-02-15 07:34:33'),(18,'DAN','TORN','2006-02-15 07:34:33'),(19,'BOB','FAWCETT','2006-02-15 07:34:33'),(20,'LUCILLE','TRACY','2006-02-15 07:34:33'),(21,'KIRSTEN','PALTROW','2006-02-15 07:34:33'),(22,'ELVIS','MARX','2006-02-15 07:34:33'),(23,'SANDRA','KILMER','2006-02-15 07:34:33'),(24,'CAMERON','STREEP','2006-02-15 07:34:33'),(25,'KEVIN','BLOOM','2006-02-15 07:34:33'),(26,'RIP','CRAWFORD','2006-02-15 07:34:33'),(27,'JULIA','MCQUEEN','2006-02-15 07:34:33'),(28,'WOODY','HOFFMAN','2006-02-15 07:34:33'),(29,'ALEC','WAYNE','2006-02-15 07:34:33'),(30,'SANDRA','PECK','2006-02-15 07:34:33'),(31,'SISSY','SOBIESKI','2006-02-15 07:34:33'),(32,'TIM','HACKMAN','2006-02-15 07:34:33'),(33,'MILLA','PECK','2006-02-15 07:34:33'),(34,'AUDREY','OLIVIER','2006-02-15 07:34:33'),(35,'JUDY','DEAN','2006-02-15 07:34:33'),(36,'BURT','DUKAKIS','2006-02-15 07:34:33'),(37,'VAL','BOLGER','2006-02-15 07:34:33'),(38,'TOM','MCKELLEN','2006-02-15 07:34:33'),(39,'GOLDIE','BRODY','2006-02-15 07:34:33'),(40,'JOHNNY','CAGE','2006-02-15 07:34:33'),(41,'JODIE','DEGENERES','2006-02-15 07:34:33'),(42,'TOM','MIRANDA','2006-02-15 07:34:33'),(43,'KIRK','JOVOVICH','2006-02-15 07:34:33'),(44,'NICK','STALLONE','2006-02-15 07:34:33'),(45,'REESE','KILMER','2006-02-15 07:34:33'),(46,'PARKER','GOLDBERG','2006-02-15 07:34:33'),(47,'JULIA','BARRYMORE','2006-02-15 07:34:33'),(48,'FRANCES','DAY-LEWIS','2006-02-15 07:34:33'),(49,'ANNE','CRONYN','2006-02-15 07:34:33'),(50,'NATALIE','HOPKINS','2006-02-15 07:34:33'),(51,'GARY','PHOENIX','2006-02-15 07:34:33'),(52,'CARMEN','HUNT','2006-02-15 07:34:33'),(53,'MENA','TEMPLE','2006-02-15 07:34:33'),(54,'PENELOPE','PINKETT','2006-02-15 07:34:33'),(55,'FAY','KILMER','2006-02-15 07:34:33'),(56,'DAN','HARRIS','2006-02-15 07:34:33'),(57,'JUDE','CRUISE','2006-02-15 07:34:33'),(58,'CHRISTIAN','AKROYD','2006-02-15 07:34:33'),(59,'DUSTIN','TAUTOU','2006-02-15 07:34:33'),(60,'HENRY','BERRY','2006-02-15 07:34:33'),(61,'CHRISTIAN','NEESON','2006-02-15 07:34:33'),(62,'JAYNE','NEESON','2006-02-15 07:34:33'),(63,'CAMERON','WRAY','2006-02-15 07:34:33'),(64,'RAY','JOHANSSON','2006-02-15 07:34:33'),(65,'ANGELA','HUDSON','2006-02-15 07:34:33'),(66,'MARY','TANDY','2006-02-15 07:34:33'),(67,'JESSICA','BAILEY','2006-02-15 07:34:33'),(68,'RIP','WINSLET','2006-02-15 07:34:33'),(69,'KENNETH','PALTROW','2006-02-15 07:34:33'),(70,'MICHELLE','MCCONAUGHEY','2006-02-15 07:34:33'),(71,'ADAM','GRANT','2006-02-15 07:34:33'),(72,'SEAN','WILLIAMS','2006-02-15 07:34:33'),(73,'GARY','PENN','2006-02-15 07:34:33'),(74,'MILLA','KEITEL','2006-02-15 07:34:33'),(75,'BURT','POSEY','2006-02-15 07:34:33'),(76,'ANGELINA','ASTAIRE','2006-02-15 07:34:33'),(77,'CARY','MCCONAUGHEY','2006-02-15 07:34:33'),(78,'GROUCHO','SINATRA','2006-02-15 07:34:33'),(79,'MAE','HOFFMAN','2006-02-15 07:34:33'),(80,'RALPH','CRUZ','2006-02-15 07:34:33'),(81,'SCARLETT','DAMON','2006-02-15 07:34:33'),(82,'WOODY','JOLIE','2006-02-15 07:34:33'),(83,'BEN','WILLIS','2006-02-15 07:34:33'),(84,'JAMES','PITT','2006-02-15 07:34:33'),(85,'MINNIE','ZELLWEGER','2006-02-15 07:34:33'),(86,'GREG','CHAPLIN','2006-02-15 07:34:33'),(87,'SPENCER','PECK','2006-02-15 07:34:33'),(88,'KENNETH','PESCI','2006-02-15 07:34:33'),(89,'CHARLIZE','DENCH','2006-02-15 07:34:33'),(90,'SEAN','GUINESS','2006-02-15 07:34:33'),(91,'CHRISTOPHER','BERRY','2006-02-15 07:34:33'),(92,'KIRSTEN','AKROYD','2006-02-15 07:34:33'),(93,'ELLEN','PRESLEY','2006-02-15 07:34:33'),(94,'KENNETH','TORN','2006-02-15 07:34:33'),(95,'DARYL','WAHLBERG','2006-02-15 07:34:33'),(96,'GENE','WILLIS','2006-02-15 07:34:33'),(97,'MEG','HAWKE','2006-02-15 07:34:33'),(98,'CHRIS','BRIDGES','2006-02-15 07:34:33'),(99,'JIM','MOSTEL','2006-02-15 07:34:33'),(100,'SPENCER','DEPP','2006-02-15 07:34:33'),(101,'SUSAN','DAVIS','2006-02-15 07:34:33'),(102,'WALTER','TORN','2006-02-15 07:34:33'),(103,'MATTHEW','LEIGH','2006-02-15 07:34:33'),(104,'PENELOPE','CRONYN','2006-02-15 07:34:33'),(105,'SIDNEY','CROWE','2006-02-15 07:34:33'),(106,'GROUCHO','DUNST','2006-02-15 07:34:33'),(107,'GINA','DEGENERES','2006-02-15 07:34:33'),(108,'WARREN','NOLTE','2006-02-15 07:34:33'),(109,'SYLVESTER','DERN','2006-02-15 07:34:33'),(110,'SUSAN','DAVIS','2006-02-15 07:34:33'),(111,'CAMERON','ZELLWEGER','2006-02-15 07:34:33'),(112,'RUSSELL','BACALL','2006-02-15 07:34:33'),(113,'MORGAN','HOPKINS','2006-02-15 07:34:33'),(114,'MORGAN','MCDORMAND','2006-02-15 07:34:33'),(115,'HARRISON','BALE','2006-02-15 07:34:33'),(116,'DAN','STREEP','2006-02-15 07:34:33'),(117,'RENEE','TRACY','2006-02-15 07:34:33'),(118,'CUBA','ALLEN','2006-02-15 07:34:33'),(119,'WARREN','JACKMAN','2006-02-15 07:34:33'),(120,'PENELOPE','MONROE','2006-02-15 07:34:33'),(121,'LIZA','BERGMAN','2006-02-15 07:34:33'),(122,'SALMA','NOLTE','2006-02-15 07:34:33'),(123,'JULIANNE','DENCH','2006-02-15 07:34:33'),(124,'SCARLETT','BENING','2006-02-15 07:34:33'),(125,'ALBERT','NOLTE','2006-02-15 07:34:33'),(126,'FRANCES','TOMEI','2006-02-15 07:34:33'),(127,'KEVIN','GARLAND','2006-02-15 07:34:33'),(128,'CATE','MCQUEEN','2006-02-15 07:34:33'),(129,'DARYL','CRAWFORD','2006-02-15 07:34:33'),(130,'GRETA','KEITEL','2006-02-15 07:34:33'),(131,'JANE','JACKMAN','2006-02-15 07:34:33'),(132,'ADAM','HOPPER','2006-02-15 07:34:33'),(133,'RICHARD','PENN','2006-02-15 07:34:33'),(134,'GENE','HOPKINS','2006-02-15 07:34:33'),(135,'RITA','REYNOLDS','2006-02-15 07:34:33'),(136,'ED','MANSFIELD','2006-02-15 07:34:33'),(137,'MORGAN','WILLIAMS','2006-02-15 07:34:33'),(138,'LUCILLE','DEE','2006-02-15 07:34:33'),(139,'EWAN','GOODING','2006-02-15 07:34:33'),(140,'WHOOPI','HURT','2006-02-15 07:34:33'),(141,'CATE','HARRIS','2006-02-15 07:34:33'),(142,'JADA','RYDER','2006-02-15 07:34:33'),(143,'RIVER','DEAN','2006-02-15 07:34:33'),(144,'ANGELA','WITHERSPOON','2006-02-15 07:34:33'),(145,'KIM','ALLEN','2006-02-15 07:34:33'),(146,'ALBERT','JOHANSSON','2006-02-15 07:34:33'),(147,'FAY','WINSLET','2006-02-15 07:34:33'),(148,'EMILY','DEE','2006-02-15 07:34:33'),(149,'RUSSELL','TEMPLE','2006-02-15 07:34:33'),(150,'JAYNE','NOLTE','2006-02-15 07:34:33'),(151,'GEOFFREY','HESTON','2006-02-15 07:34:33'),(152,'BEN','HARRIS','2006-02-15 07:34:33'),(153,'MINNIE','KILMER','2006-02-15 07:34:33'),(154,'MERYL','GIBSON','2006-02-15 07:34:33'),(155,'IAN','TANDY','2006-02-15 07:34:33'),(156,'FAY','WOOD','2006-02-15 07:34:33'),(157,'GRETA','MALDEN','2006-02-15 07:34:33'),(158,'VIVIEN','BASINGER','2006-02-15 07:34:33'),(159,'LAURA','BRODY','2006-02-15 07:34:33'),(160,'CHRIS','DEPP','2006-02-15 07:34:33'),(161,'HARVEY','HOPE','2006-02-15 07:34:33'),(162,'OPRAH','KILMER','2006-02-15 07:34:33'),(163,'CHRISTOPHER','WEST','2006-02-15 07:34:33'),(164,'HUMPHREY','WILLIS','2006-02-15 07:34:33'),(165,'AL','GARLAND','2006-02-15 07:34:33'),(166,'NICK','DEGENERES','2006-02-15 07:34:33'),(167,'LAURENCE','BULLOCK','2006-02-15 07:34:33'),(168,'WILL','WILSON','2006-02-15 07:34:33'),(169,'KENNETH','HOFFMAN','2006-02-15 07:34:33'),(170,'MENA','HOPPER','2006-02-15 07:34:33'),(171,'OLYMPIA','PFEIFFER','2006-02-15 07:34:33'),(172,'GROUCHO','WILLIAMS','2006-02-15 07:34:33'),(173,'ALAN','DREYFUSS','2006-02-15 07:34:33'),(174,'MICHAEL','BENING','2006-02-15 07:34:33'),(175,'WILLIAM','HACKMAN','2006-02-15 07:34:33'),(176,'JON','CHASE','2006-02-15 07:34:33'),(177,'GENE','MCKELLEN','2006-02-15 07:34:33'),(178,'LISA','MONROE','2006-02-15 07:34:33'),(179,'ED','GUINESS','2006-02-15 07:34:33'),(180,'JEFF','SILVERSTONE','2006-02-15 07:34:33'),(181,'MATTHEW','CARREY','2006-02-15 07:34:33'),(182,'DEBBIE','AKROYD','2006-02-15 07:34:33'),(183,'RUSSELL','CLOSE','2006-02-15 07:34:33'),(184,'HUMPHREY','GARLAND','2006-02-15 07:34:33'),(185,'MICHAEL','BOLGER','2006-02-15 07:34:33'),(186,'JULIA','ZELLWEGER','2006-02-15 07:34:33'),(187,'RENEE','BALL','2006-02-15 07:34:33'),(188,'ROCK','DUKAKIS','2006-02-15 07:34:33'),(189,'CUBA','BIRCH','2006-02-15 07:34:33'),(190,'AUDREY','BAILEY','2006-02-15 07:34:33'),(191,'GREGORY','GOODING','2006-02-15 07:34:33'),(192,'JOHN','SUVARI','2006-02-15 07:34:33'),(193,'BURT','TEMPLE','2006-02-15 07:34:33'),(194,'MERYL','ALLEN','2006-02-15 07:34:33'),(195,'JAYNE','SILVERSTONE','2006-02-15 07:34:33'),(196,'BELA','WALKEN','2006-02-15 07:34:33'),(197,'REESE','WEST','2006-02-15 07:34:33'),(198,'MARY','KEITEL','2006-02-15 07:34:33'),(199,'JULIA','FAWCETT','2006-02-15 07:34:33'),(200,'THORA','TEMPLE','2006-02-15 07:34:33');

--
-- Table structure for table  country 
--
DROP TABLE IF EXISTS country;
CREATE TABLE country (
  country_id int unsigned NOT NULL AUTO_INCREMENT,
  country varchar(50) NOT NULL,
  last_update timestamp NOT NULL DEFAULT CURRENT_TIMESTAMP ON UPDATE CURRENT_TIMESTAMP,
  PRIMARY KEY (country_id)
);

--
-- Dumping data for table  country 
--
INSERT INTO country VALUES (1,'Afghanistan','2006-02-15 07:44:00'),(2,'Algeria','2006-02-15 07:44:00'),(3,'American Samoa','2006-02-15 07:44:00'),(4,'Angola','2006-02-15 07:44:00'),(5,'Anguilla','2006-02-15 07:44:00'),(6,'Argentina','2006-02-15 07:44:00'),(7,'Armenia','2006-02-15 07:44:00'),(8,'Australia','2006-02-15 07:44:00'),(9,'Austria','2006-02-15 07:44:00'),(10,'Azerbaijan','2006-02-15 07:44:00'),(11,'Bahrain','2006-02-15 07:44:00'),(12,'Bangladesh','2006-02-15 07:44:00'),(13,'Belarus','2006-02-15 07:44:00'),(14,'Bolivia','2006-02-15 07:44:00'),(15,'Brazil','2006-02-15 07:44:00'),(16,'Brunei','2006-02-15 07:44:00'),(17,'Bulgaria','2006-02-15 07:44:00'),(18,'Cambodia','2006-02-15 07:44:00'),(19,'Cameroon','2006-02-15 07:44:00'),(20,'Canada','2006-02-15 07:44:00'),(21,'Chad','2006-02-15 07:44:00'),(22,'Chile','2006-02-15 07:44:00'),(23,'China','2006-02-15 07:44:00'),(24,'Colombia','2006-02-15 07:44:00'),(25,'Congo, The Democratic Republic of the','2006-02-15 07:44:00'),(26,'Czech Republic','2006-02-15 07:44:00'),(27,'Dominican Republic','2006-02-15 07:44:00'),(28,'Ecuador','2006-02-15 07:44:00'),(29,'Egypt','2006-02-15 07:44:00'),(30,'Estonia','2006-02-15 07:44:00'),(31,'Ethiopia','2006-02-15 07:44:00'),(32,'Faroe Islands','2006-02-15 07:44:00'),(33,'Finland','2006-02-15 07:44:00'),(34,'France','2006-02-15 07:44:00'),(35,'French Guiana','2006-02-15 07:44:00'),(36,'French Polynesia','2006-02-15 07:44:00'),(37,'Gambia','2006-02-15 07:44:00'),(38,'Germany','2006-02-15 07:44:00'),(39,'Greece','2006-02-15 07:44:00'),(40,'Greenland','2006-02-15 07:44:00'),(41,'Holy See (Vatican City State)','2006-02-15 07:44:00'),(42,'Hong Kong','2006-02-15 07:44:00'),(43,'Hungary','2006-02-15 07:44:00'),(44,'India','2006-02-15 07:44:00'),(45,'Indonesia','2006-02-15 07:44:00'),(46,'Iran','2006-02-15 07:44:00'),(47,'Iraq','2006-02-15 07:44:00'),(48,'Israel','2006-02-15 07:44:00'),(49,'Italy','2006-02-15 07:44:00'),(50,'Japan','2006-02-15 07:44:00'),(51,'Kazakstan','2006-02-15 07:44:00'),(52,'Kenya','2006-02-15 07:44:00'),(53,'Kuwait','2006-02-15 07:44:00'),(54,'Latvia','2006-02-15 07:44:00'),(55,'Liechtenstein','2006-02-15 07:44:00'),(56,'Lithuania','2006-02-15 07:44:00'),(57,'Madagascar','2006-02-15 07:44:00'),(58,'Malawi','2006-02-15 07:44:00'),(59,'Malaysia','2006-02-15 07:44:00'),(60,'Mexico','2006-02-15 07:44:00'),(61,'Moldova','2006-02-15 07:44:00'),(62,'Morocco','2006-02-15 07:44:00'),(63,'Mozambique','2006-02-15 07:44:00'),(64,'Myanmar','2006-02-15 07:44:00'),(65,'Nauru','2006-02-15 07:44:00'),(66,'Nepal','2006-02-15 07:44:00'),(67,'Netherlands','2006-02-15 07:44:00'),(68,'New Zealand','2006-02-15 07:44:00'),(69,'Nigeria','2006-02-15 07:44:00'),(70,'North Korea','2006-02-15 07:44:00'),(71,'Oman','2006-02-15 07:44:00'),(72,'Pakistan','2006-02-15 07:44:00'),(73,'Paraguay','2006-02-15 07:44:00'),(74,'Peru','2006-02-15 07:44:00'),(75,'Philippines','2006-02-15 07:44:00'),(76,'Poland','2006-02-15 07:44:00'),(77,'Puerto Rico','2006-02-15 07:44:00'),(78,'Romania','2006-02-15 07:44:00'),(79,'Runion','2006-02-15 07:44:00'),(80,'Russian Federation','2006-02-15 07:44:00'),(81,'Saint Vincent and the Grenadines','2006-02-15 07:44:00'),(82,'Saudi Arabia','2006-02-15 07:44:00'),(83,'Senegal','2006-02-15 07:44:00'),(84,'Slovakia','2006-02-15 07:44:00'),(85,'South Africa','2006-02-15 07:44:00'),(86,'South Korea','2006-02-15 07:44:00'),(87,'Spain','2006-02-15 07:44:00'),(88,'Sri Lanka','2006-02-15 07:44:00'),(89,'Sudan','2006-02-15 07:44:00'),(90,'Sweden','2006-02-15 07:44:00'),(91,'Switzerland','2006-02-15 07:44:00'),(92,'Taiwan','2006-02-15 07:44:00'),(93,'Tanzania','2006-02-15 07:44:00'),(94,'Thailand','2006-02-15 07:44:00'),(95,'Tonga','2006-02-15 07:44:00'),(96,'Tunisia','2006-02-15 07:44:00'),(97,'Turkey','2006-02-15 07:44:00'),(98,'Turkmenistan','2006-02-15 07:44:00'),(99,'Tuvalu','2006-02-15 07:44:00'),(100,'Ukraine','2006-02-15 07:44:00'),(101,'United Arab Emirates','2006-02-15 07:44:00'),(102,'United Kingdom','2006-02-15 07:44:00'),(103,'United States','2006-02-15 07:44:00'),(104,'Venezuela','2006-02-15 07:44:00'),(105,'Vietnam','2006-02-15 07:44:00'),(106,'Virgin Islands, U.S.','2006-02-15 07:44:00'),(107,'Yemen','2006-02-15 07:44:00'),(108,'Yugoslavia','2006-02-15 07:44:00'),(109,'Zambia','2006-02-15 07:44:00');

--
-- Table structure for table  city 
--
DROP TABLE IF EXISTS city;
CREATE TABLE city (
  city_id int unsigned NOT NULL AUTO_INCREMENT,
  city varchar(50) NOT NULL,
  country_id int unsigned NOT NULL,
  last_update timestamp NOT NULL DEFAULT CURRENT_TIMESTAMP ON UPDATE CURRENT_TIMESTAMP,
  PRIMARY KEY (city_id),
  KEY idx_fk_country_id (country_id),
  CONSTRAINT fk_city_country FOREIGN KEY (country_id) REFERENCES country (country_id) ON UPDATE CASCADE
);

--
-- Dumping data for table  city 
--

INSERT INTO city VALUES (1,'A Corua (La Corua)',87,'2006-02-15 07:45:25'),(2,'Abha',82,'2006-02-15 07:45:25'),(3,'Abu Dhabi',101,'2006-02-15 07:45:25'),(4,'Acua',60,'2006-02-15 07:45:25'),(5,'Adana',97,'2006-02-15 07:45:25'),(6,'Addis Abeba',31,'2006-02-15 07:45:25'),(7,'Aden',107,'2006-02-15 07:45:25'),(8,'Adoni',44,'2006-02-15 07:45:25'),(9,'Ahmadnagar',44,'2006-02-15 07:45:25'),(10,'Akishima',50,'2006-02-15 07:45:25'),(11,'Akron',103,'2006-02-15 07:45:25'),(12,'al-Ayn',101,'2006-02-15 07:45:25'),(13,'al-Hawiya',82,'2006-02-15 07:45:25'),(14,'al-Manama',11,'2006-02-15 07:45:25'),(15,'al-Qadarif',89,'2006-02-15 07:45:25'),(16,'al-Qatif',82,'2006-02-15 07:45:25'),(17,'Alessandria',49,'2006-02-15 07:45:25'),(18,'Allappuzha (Alleppey)',44,'2006-02-15 07:45:25'),(19,'Allende',60,'2006-02-15 07:45:25'),(20,'Almirante Brown',6,'2006-02-15 07:45:25'),(21,'Alvorada',15,'2006-02-15 07:45:25'),(22,'Ambattur',44,'2006-02-15 07:45:25'),(23,'Amersfoort',67,'2006-02-15 07:45:25'),(24,'Amroha',44,'2006-02-15 07:45:25'),(25,'Angra dos Reis',15,'2006-02-15 07:45:25'),(26,'Anpolis',15,'2006-02-15 07:45:25'),(27,'Antofagasta',22,'2006-02-15 07:45:25'),(28,'Aparecida de Goinia',15,'2006-02-15 07:45:25'),(29,'Apeldoorn',67,'2006-02-15 07:45:25'),(30,'Araatuba',15,'2006-02-15 07:45:25'),(31,'Arak',46,'2006-02-15 07:45:25'),(32,'Arecibo',77,'2006-02-15 07:45:25'),(33,'Arlington',103,'2006-02-15 07:45:25'),(34,'Ashdod',48,'2006-02-15 07:45:25'),(35,'Ashgabat',98,'2006-02-15 07:45:25'),(36,'Ashqelon',48,'2006-02-15 07:45:25'),(37,'Asuncin',73,'2006-02-15 07:45:25'),(38,'Athenai',39,'2006-02-15 07:45:25'),(39,'Atinsk',80,'2006-02-15 07:45:25'),(40,'Atlixco',60,'2006-02-15 07:45:25'),(41,'Augusta-Richmond County',103,'2006-02-15 07:45:25'),(42,'Aurora',103,'2006-02-15 07:45:25'),(43,'Avellaneda',6,'2006-02-15 07:45:25'),(44,'Bag',15,'2006-02-15 07:45:25'),(45,'Baha Blanca',6,'2006-02-15 07:45:25'),(46,'Baicheng',23,'2006-02-15 07:45:25'),(47,'Baiyin',23,'2006-02-15 07:45:25'),(48,'Baku',10,'2006-02-15 07:45:25'),(49,'Balaiha',80,'2006-02-15 07:45:25'),(50,'Balikesir',97,'2006-02-15 07:45:25'),(51,'Balurghat',44,'2006-02-15 07:45:25'),(52,'Bamenda',19,'2006-02-15 07:45:25'),(53,'Bandar Seri Begawan',16,'2006-02-15 07:45:25'),(54,'Banjul',37,'2006-02-15 07:45:25'),(55,'Barcelona',104,'2006-02-15 07:45:25'),(56,'Basel',91,'2006-02-15 07:45:25'),(57,'Bat Yam',48,'2006-02-15 07:45:25'),(58,'Batman',97,'2006-02-15 07:45:25'),(59,'Batna',2,'2006-02-15 07:45:25'),(60,'Battambang',18,'2006-02-15 07:45:25'),(61,'Baybay',75,'2006-02-15 07:45:25'),(62,'Bayugan',75,'2006-02-15 07:45:25'),(63,'Bchar',2,'2006-02-15 07:45:25'),(64,'Beira',63,'2006-02-15 07:45:25'),(65,'Bellevue',103,'2006-02-15 07:45:25'),(66,'Belm',15,'2006-02-15 07:45:25'),(67,'Benguela',4,'2006-02-15 07:45:25'),(68,'Beni-Mellal',62,'2006-02-15 07:45:25'),(69,'Benin City',69,'2006-02-15 07:45:25'),(70,'Bergamo',49,'2006-02-15 07:45:25'),(71,'Berhampore (Baharampur)',44,'2006-02-15 07:45:25'),(72,'Bern',91,'2006-02-15 07:45:25'),(73,'Bhavnagar',44,'2006-02-15 07:45:25'),(74,'Bhilwara',44,'2006-02-15 07:45:25'),(75,'Bhimavaram',44,'2006-02-15 07:45:25'),(76,'Bhopal',44,'2006-02-15 07:45:25'),(77,'Bhusawal',44,'2006-02-15 07:45:25'),(78,'Bijapur',44,'2006-02-15 07:45:25'),(79,'Bilbays',29,'2006-02-15 07:45:25'),(80,'Binzhou',23,'2006-02-15 07:45:25'),(81,'Birgunj',66,'2006-02-15 07:45:25'),(82,'Bislig',75,'2006-02-15 07:45:25'),(83,'Blumenau',15,'2006-02-15 07:45:25'),(84,'Boa Vista',15,'2006-02-15 07:45:25'),(85,'Boksburg',85,'2006-02-15 07:45:25'),(86,'Botosani',78,'2006-02-15 07:45:25'),(87,'Botshabelo',85,'2006-02-15 07:45:25'),(88,'Bradford',102,'2006-02-15 07:45:25'),(89,'Braslia',15,'2006-02-15 07:45:25'),(90,'Bratislava',84,'2006-02-15 07:45:25'),(91,'Brescia',49,'2006-02-15 07:45:25'),(92,'Brest',34,'2006-02-15 07:45:25'),(93,'Brindisi',49,'2006-02-15 07:45:25'),(94,'Brockton',103,'2006-02-15 07:45:25'),(95,'Bucuresti',78,'2006-02-15 07:45:25'),(96,'Buenaventura',24,'2006-02-15 07:45:25'),(97,'Bydgoszcz',76,'2006-02-15 07:45:25'),(98,'Cabuyao',75,'2006-02-15 07:45:25'),(99,'Callao',74,'2006-02-15 07:45:25'),(100,'Cam Ranh',105,'2006-02-15 07:45:25'),(101,'Cape Coral',103,'2006-02-15 07:45:25'),(102,'Caracas',104,'2006-02-15 07:45:25'),(103,'Carmen',60,'2006-02-15 07:45:25'),(104,'Cavite',75,'2006-02-15 07:45:25'),(105,'Cayenne',35,'2006-02-15 07:45:25'),(106,'Celaya',60,'2006-02-15 07:45:25'),(107,'Chandrapur',44,'2006-02-15 07:45:25'),(108,'Changhwa',92,'2006-02-15 07:45:25'),(109,'Changzhou',23,'2006-02-15 07:45:25'),(110,'Chapra',44,'2006-02-15 07:45:25'),(111,'Charlotte Amalie',106,'2006-02-15 07:45:25'),(112,'Chatsworth',85,'2006-02-15 07:45:25'),(113,'Cheju',86,'2006-02-15 07:45:25'),(114,'Chiayi',92,'2006-02-15 07:45:25'),(115,'Chisinau',61,'2006-02-15 07:45:25'),(116,'Chungho',92,'2006-02-15 07:45:25'),(117,'Cianjur',45,'2006-02-15 07:45:25'),(118,'Ciomas',45,'2006-02-15 07:45:25'),(119,'Ciparay',45,'2006-02-15 07:45:25'),(120,'Citrus Heights',103,'2006-02-15 07:45:25'),(121,'Citt del Vaticano',41,'2006-02-15 07:45:25'),(122,'Ciudad del Este',73,'2006-02-15 07:45:25'),(123,'Clarksville',103,'2006-02-15 07:45:25'),(124,'Coacalco de Berriozbal',60,'2006-02-15 07:45:25'),(125,'Coatzacoalcos',60,'2006-02-15 07:45:25'),(126,'Compton',103,'2006-02-15 07:45:25'),(127,'Coquimbo',22,'2006-02-15 07:45:25'),(128,'Crdoba',6,'2006-02-15 07:45:25'),(129,'Cuauhtmoc',60,'2006-02-15 07:45:25'),(130,'Cuautla',60,'2006-02-15 07:45:25'),(131,'Cuernavaca',60,'2006-02-15 07:45:25'),(132,'Cuman',104,'2006-02-15 07:45:25'),(133,'Czestochowa',76,'2006-02-15 07:45:25'),(134,'Dadu',72,'2006-02-15 07:45:25'),(135,'Dallas',103,'2006-02-15 07:45:25'),(136,'Datong',23,'2006-02-15 07:45:25'),(137,'Daugavpils',54,'2006-02-15 07:45:25'),(138,'Davao',75,'2006-02-15 07:45:25'),(139,'Daxian',23,'2006-02-15 07:45:25'),(140,'Dayton',103,'2006-02-15 07:45:25'),(141,'Deba Habe',69,'2006-02-15 07:45:25'),(142,'Denizli',97,'2006-02-15 07:45:25'),(143,'Dhaka',12,'2006-02-15 07:45:25'),(144,'Dhule (Dhulia)',44,'2006-02-15 07:45:25'),(145,'Dongying',23,'2006-02-15 07:45:25'),(146,'Donostia-San Sebastin',87,'2006-02-15 07:45:25'),(147,'Dos Quebradas',24,'2006-02-15 07:45:25'),(148,'Duisburg',38,'2006-02-15 07:45:25'),(149,'Dundee',102,'2006-02-15 07:45:25'),(150,'Dzerzinsk',80,'2006-02-15 07:45:25'),(151,'Ede',67,'2006-02-15 07:45:25'),(152,'Effon-Alaiye',69,'2006-02-15 07:45:25'),(153,'El Alto',14,'2006-02-15 07:45:25'),(154,'El Fuerte',60,'2006-02-15 07:45:25'),(155,'El Monte',103,'2006-02-15 07:45:25'),(156,'Elista',80,'2006-02-15 07:45:25'),(157,'Emeishan',23,'2006-02-15 07:45:25'),(158,'Emmen',67,'2006-02-15 07:45:25'),(159,'Enshi',23,'2006-02-15 07:45:25'),(160,'Erlangen',38,'2006-02-15 07:45:25'),(161,'Escobar',6,'2006-02-15 07:45:25'),(162,'Esfahan',46,'2006-02-15 07:45:25'),(163,'Eskisehir',97,'2006-02-15 07:45:25'),(164,'Etawah',44,'2006-02-15 07:45:25'),(165,'Ezeiza',6,'2006-02-15 07:45:25'),(166,'Ezhou',23,'2006-02-15 07:45:25'),(167,'Faaa',36,'2006-02-15 07:45:25'),(168,'Fengshan',92,'2006-02-15 07:45:25'),(169,'Firozabad',44,'2006-02-15 07:45:25'),(170,'Florencia',24,'2006-02-15 07:45:25'),(171,'Fontana',103,'2006-02-15 07:45:25'),(172,'Fukuyama',50,'2006-02-15 07:45:25'),(173,'Funafuti',99,'2006-02-15 07:45:25'),(174,'Fuyu',23,'2006-02-15 07:45:25'),(175,'Fuzhou',23,'2006-02-15 07:45:25'),(176,'Gandhinagar',44,'2006-02-15 07:45:25'),(177,'Garden Grove',103,'2006-02-15 07:45:25'),(178,'Garland',103,'2006-02-15 07:45:25'),(179,'Gatineau',20,'2006-02-15 07:45:25'),(180,'Gaziantep',97,'2006-02-15 07:45:25'),(181,'Gijn',87,'2006-02-15 07:45:25'),(182,'Gingoog',75,'2006-02-15 07:45:25'),(183,'Goinia',15,'2006-02-15 07:45:25'),(184,'Gorontalo',45,'2006-02-15 07:45:25'),(185,'Grand Prairie',103,'2006-02-15 07:45:25'),(186,'Graz',9,'2006-02-15 07:45:25'),(187,'Greensboro',103,'2006-02-15 07:45:25'),(188,'Guadalajara',60,'2006-02-15 07:45:25'),(189,'Guaruj',15,'2006-02-15 07:45:25'),(190,'guas Lindas de Gois',15,'2006-02-15 07:45:25'),(191,'Gulbarga',44,'2006-02-15 07:45:25'),(192,'Hagonoy',75,'2006-02-15 07:45:25'),(193,'Haining',23,'2006-02-15 07:45:25'),(194,'Haiphong',105,'2006-02-15 07:45:25'),(195,'Haldia',44,'2006-02-15 07:45:25'),(196,'Halifax',20,'2006-02-15 07:45:25'),(197,'Halisahar',44,'2006-02-15 07:45:25'),(198,'Halle/Saale',38,'2006-02-15 07:45:25'),(199,'Hami',23,'2006-02-15 07:45:25'),(200,'Hamilton',68,'2006-02-15 07:45:25'),(201,'Hanoi',105,'2006-02-15 07:45:25'),(202,'Hidalgo',60,'2006-02-15 07:45:25'),(203,'Higashiosaka',50,'2006-02-15 07:45:25'),(204,'Hino',50,'2006-02-15 07:45:25'),(205,'Hiroshima',50,'2006-02-15 07:45:25'),(206,'Hodeida',107,'2006-02-15 07:45:25'),(207,'Hohhot',23,'2006-02-15 07:45:25'),(208,'Hoshiarpur',44,'2006-02-15 07:45:25'),(209,'Hsichuh',92,'2006-02-15 07:45:25'),(210,'Huaian',23,'2006-02-15 07:45:25'),(211,'Hubli-Dharwad',44,'2006-02-15 07:45:25'),(212,'Huejutla de Reyes',60,'2006-02-15 07:45:25'),(213,'Huixquilucan',60,'2006-02-15 07:45:25'),(214,'Hunuco',74,'2006-02-15 07:45:25'),(215,'Ibirit',15,'2006-02-15 07:45:25'),(216,'Idfu',29,'2006-02-15 07:45:25'),(217,'Ife',69,'2006-02-15 07:45:25'),(218,'Ikerre',69,'2006-02-15 07:45:25'),(219,'Iligan',75,'2006-02-15 07:45:25'),(220,'Ilorin',69,'2006-02-15 07:45:25'),(221,'Imus',75,'2006-02-15 07:45:25'),(222,'Inegl',97,'2006-02-15 07:45:25'),(223,'Ipoh',59,'2006-02-15 07:45:25'),(224,'Isesaki',50,'2006-02-15 07:45:25'),(225,'Ivanovo',80,'2006-02-15 07:45:25'),(226,'Iwaki',50,'2006-02-15 07:45:25'),(227,'Iwakuni',50,'2006-02-15 07:45:25'),(228,'Iwatsuki',50,'2006-02-15 07:45:25'),(229,'Izumisano',50,'2006-02-15 07:45:25'),(230,'Jaffna',88,'2006-02-15 07:45:25'),(231,'Jaipur',44,'2006-02-15 07:45:25'),(232,'Jakarta',45,'2006-02-15 07:45:25'),(233,'Jalib al-Shuyukh',53,'2006-02-15 07:45:25'),(234,'Jamalpur',12,'2006-02-15 07:45:25'),(235,'Jaroslavl',80,'2006-02-15 07:45:25'),(236,'Jastrzebie-Zdrj',76,'2006-02-15 07:45:25'),(237,'Jedda',82,'2006-02-15 07:45:25'),(238,'Jelets',80,'2006-02-15 07:45:25'),(239,'Jhansi',44,'2006-02-15 07:45:25'),(240,'Jinchang',23,'2006-02-15 07:45:25'),(241,'Jining',23,'2006-02-15 07:45:25'),(242,'Jinzhou',23,'2006-02-15 07:45:25'),(243,'Jodhpur',44,'2006-02-15 07:45:25'),(244,'Johannesburg',85,'2006-02-15 07:45:25'),(245,'Joliet',103,'2006-02-15 07:45:25'),(246,'Jos Azueta',60,'2006-02-15 07:45:25'),(247,'Juazeiro do Norte',15,'2006-02-15 07:45:25'),(248,'Juiz de Fora',15,'2006-02-15 07:45:25'),(249,'Junan',23,'2006-02-15 07:45:25'),(250,'Jurez',60,'2006-02-15 07:45:25'),(251,'Kabul',1,'2006-02-15 07:45:25'),(252,'Kaduna',69,'2006-02-15 07:45:25'),(253,'Kakamigahara',50,'2006-02-15 07:45:25'),(254,'Kaliningrad',80,'2006-02-15 07:45:25'),(255,'Kalisz',76,'2006-02-15 07:45:25'),(256,'Kamakura',50,'2006-02-15 07:45:25'),(257,'Kamarhati',44,'2006-02-15 07:45:25'),(258,'Kamjanets-Podilskyi',100,'2006-02-15 07:45:25'),(259,'Kamyin',80,'2006-02-15 07:45:25'),(260,'Kanazawa',50,'2006-02-15 07:45:25'),(261,'Kanchrapara',44,'2006-02-15 07:45:25'),(262,'Kansas City',103,'2006-02-15 07:45:25'),(263,'Karnal',44,'2006-02-15 07:45:25'),(264,'Katihar',44,'2006-02-15 07:45:25'),(265,'Kermanshah',46,'2006-02-15 07:45:25'),(266,'Kilis',97,'2006-02-15 07:45:25'),(267,'Kimberley',85,'2006-02-15 07:45:25'),(268,'Kimchon',86,'2006-02-15 07:45:25'),(269,'Kingstown',81,'2006-02-15 07:45:25'),(270,'Kirovo-Tepetsk',80,'2006-02-15 07:45:25'),(271,'Kisumu',52,'2006-02-15 07:45:25'),(272,'Kitwe',109,'2006-02-15 07:45:25'),(273,'Klerksdorp',85,'2006-02-15 07:45:25'),(274,'Kolpino',80,'2006-02-15 07:45:25'),(275,'Konotop',100,'2006-02-15 07:45:25'),(276,'Koriyama',50,'2006-02-15 07:45:25'),(277,'Korla',23,'2006-02-15 07:45:25'),(278,'Korolev',80,'2006-02-15 07:45:25'),(279,'Kowloon and New Kowloon',42,'2006-02-15 07:45:25'),(280,'Kragujevac',108,'2006-02-15 07:45:25'),(281,'Ktahya',97,'2006-02-15 07:45:25'),(282,'Kuching',59,'2006-02-15 07:45:25'),(283,'Kumbakonam',44,'2006-02-15 07:45:25'),(284,'Kurashiki',50,'2006-02-15 07:45:25'),(285,'Kurgan',80,'2006-02-15 07:45:25'),(286,'Kursk',80,'2006-02-15 07:45:25'),(287,'Kuwana',50,'2006-02-15 07:45:25'),(288,'La Paz',60,'2006-02-15 07:45:25'),(289,'La Plata',6,'2006-02-15 07:45:25'),(290,'La Romana',27,'2006-02-15 07:45:25'),(291,'Laiwu',23,'2006-02-15 07:45:25'),(292,'Lancaster',103,'2006-02-15 07:45:25'),(293,'Laohekou',23,'2006-02-15 07:45:25'),(294,'Lapu-Lapu',75,'2006-02-15 07:45:25'),(295,'Laredo',103,'2006-02-15 07:45:25'),(296,'Lausanne',91,'2006-02-15 07:45:25'),(297,'Le Mans',34,'2006-02-15 07:45:25'),(298,'Lengshuijiang',23,'2006-02-15 07:45:25'),(299,'Leshan',23,'2006-02-15 07:45:25'),(300,'Lethbridge',20,'2006-02-15 07:45:25'),(301,'Lhokseumawe',45,'2006-02-15 07:45:25'),(302,'Liaocheng',23,'2006-02-15 07:45:25'),(303,'Liepaja',54,'2006-02-15 07:45:25'),(304,'Lilongwe',58,'2006-02-15 07:45:25'),(305,'Lima',74,'2006-02-15 07:45:25'),(306,'Lincoln',103,'2006-02-15 07:45:25'),(307,'Linz',9,'2006-02-15 07:45:25'),(308,'Lipetsk',80,'2006-02-15 07:45:25'),(309,'Livorno',49,'2006-02-15 07:45:25'),(310,'Ljubertsy',80,'2006-02-15 07:45:25'),(311,'Loja',28,'2006-02-15 07:45:25'),(312,'London',102,'2006-02-15 07:45:25'),(313,'London',20,'2006-02-15 07:45:25'),(314,'Lublin',76,'2006-02-15 07:45:25'),(315,'Lubumbashi',25,'2006-02-15 07:45:25'),(316,'Lungtan',92,'2006-02-15 07:45:25'),(317,'Luzinia',15,'2006-02-15 07:45:25'),(318,'Madiun',45,'2006-02-15 07:45:25'),(319,'Mahajanga',57,'2006-02-15 07:45:25'),(320,'Maikop',80,'2006-02-15 07:45:25'),(321,'Malm',90,'2006-02-15 07:45:25'),(322,'Manchester',103,'2006-02-15 07:45:25'),(323,'Mandaluyong',75,'2006-02-15 07:45:25'),(324,'Mandi Bahauddin',72,'2006-02-15 07:45:25'),(325,'Mannheim',38,'2006-02-15 07:45:25'),(326,'Maracabo',104,'2006-02-15 07:45:25'),(327,'Mardan',72,'2006-02-15 07:45:25'),(328,'Maring',15,'2006-02-15 07:45:25'),(329,'Masqat',71,'2006-02-15 07:45:25'),(330,'Matamoros',60,'2006-02-15 07:45:25'),(331,'Matsue',50,'2006-02-15 07:45:25'),(332,'Meixian',23,'2006-02-15 07:45:25'),(333,'Memphis',103,'2006-02-15 07:45:25'),(334,'Merlo',6,'2006-02-15 07:45:25'),(335,'Mexicali',60,'2006-02-15 07:45:25'),(336,'Miraj',44,'2006-02-15 07:45:25'),(337,'Mit Ghamr',29,'2006-02-15 07:45:25'),(338,'Miyakonojo',50,'2006-02-15 07:45:25'),(339,'Mogiljov',13,'2006-02-15 07:45:25'),(340,'Molodetno',13,'2006-02-15 07:45:25'),(341,'Monclova',60,'2006-02-15 07:45:25'),(342,'Monywa',64,'2006-02-15 07:45:25'),(343,'Moscow',80,'2006-02-15 07:45:25'),(344,'Mosul',47,'2006-02-15 07:45:25'),(345,'Mukateve',100,'2006-02-15 07:45:25'),(346,'Munger (Monghyr)',44,'2006-02-15 07:45:25'),(347,'Mwanza',93,'2006-02-15 07:45:25'),(348,'Mwene-Ditu',25,'2006-02-15 07:45:25'),(349,'Myingyan',64,'2006-02-15 07:45:25'),(350,'Mysore',44,'2006-02-15 07:45:25'),(351,'Naala-Porto',63,'2006-02-15 07:45:25'),(352,'Nabereznyje Telny',80,'2006-02-15 07:45:25'),(353,'Nador',62,'2006-02-15 07:45:25'),(354,'Nagaon',44,'2006-02-15 07:45:25'),(355,'Nagareyama',50,'2006-02-15 07:45:25'),(356,'Najafabad',46,'2006-02-15 07:45:25'),(357,'Naju',86,'2006-02-15 07:45:25'),(358,'Nakhon Sawan',94,'2006-02-15 07:45:25'),(359,'Nam Dinh',105,'2006-02-15 07:45:25'),(360,'Namibe',4,'2006-02-15 07:45:25'),(361,'Nantou',92,'2006-02-15 07:45:25'),(362,'Nanyang',23,'2006-02-15 07:45:25'),(363,'NDjamna',21,'2006-02-15 07:45:25'),(364,'Newcastle',85,'2006-02-15 07:45:25'),(365,'Nezahualcyotl',60,'2006-02-15 07:45:25'),(366,'Nha Trang',105,'2006-02-15 07:45:25'),(367,'Niznekamsk',80,'2006-02-15 07:45:25'),(368,'Novi Sad',108,'2006-02-15 07:45:25'),(369,'Novoterkassk',80,'2006-02-15 07:45:25'),(370,'Nukualofa',95,'2006-02-15 07:45:25'),(371,'Nuuk',40,'2006-02-15 07:45:25'),(372,'Nyeri',52,'2006-02-15 07:45:25'),(373,'Ocumare del Tuy',104,'2006-02-15 07:45:25'),(374,'Ogbomosho',69,'2006-02-15 07:45:25'),(375,'Okara',72,'2006-02-15 07:45:25'),(376,'Okayama',50,'2006-02-15 07:45:25'),(377,'Okinawa',50,'2006-02-15 07:45:25'),(378,'Olomouc',26,'2006-02-15 07:45:25'),(379,'Omdurman',89,'2006-02-15 07:45:25'),(380,'Omiya',50,'2006-02-15 07:45:25'),(381,'Ondo',69,'2006-02-15 07:45:25'),(382,'Onomichi',50,'2006-02-15 07:45:25'),(383,'Oshawa',20,'2006-02-15 07:45:25'),(384,'Osmaniye',97,'2006-02-15 07:45:25'),(385,'ostka',100,'2006-02-15 07:45:25'),(386,'Otsu',50,'2006-02-15 07:45:25'),(387,'Oulu',33,'2006-02-15 07:45:25'),(388,'Ourense (Orense)',87,'2006-02-15 07:45:25'),(389,'Owo',69,'2006-02-15 07:45:25'),(390,'Oyo',69,'2006-02-15 07:45:25'),(391,'Ozamis',75,'2006-02-15 07:45:25'),(392,'Paarl',85,'2006-02-15 07:45:25'),(393,'Pachuca de Soto',60,'2006-02-15 07:45:25'),(394,'Pak Kret',94,'2006-02-15 07:45:25'),(395,'Palghat (Palakkad)',44,'2006-02-15 07:45:25'),(396,'Pangkal Pinang',45,'2006-02-15 07:45:25'),(397,'Papeete',36,'2006-02-15 07:45:25'),(398,'Parbhani',44,'2006-02-15 07:45:25'),(399,'Pathankot',44,'2006-02-15 07:45:25'),(400,'Patiala',44,'2006-02-15 07:45:25'),(401,'Patras',39,'2006-02-15 07:45:25'),(402,'Pavlodar',51,'2006-02-15 07:45:25'),(403,'Pemalang',45,'2006-02-15 07:45:25'),(404,'Peoria',103,'2006-02-15 07:45:25'),(405,'Pereira',24,'2006-02-15 07:45:25'),(406,'Phnom Penh',18,'2006-02-15 07:45:25'),(407,'Pingxiang',23,'2006-02-15 07:45:25'),(408,'Pjatigorsk',80,'2006-02-15 07:45:25'),(409,'Plock',76,'2006-02-15 07:45:25'),(410,'Po',15,'2006-02-15 07:45:25'),(411,'Ponce',77,'2006-02-15 07:45:25'),(412,'Pontianak',45,'2006-02-15 07:45:25'),(413,'Poos de Caldas',15,'2006-02-15 07:45:25'),(414,'Portoviejo',28,'2006-02-15 07:45:25'),(415,'Probolinggo',45,'2006-02-15 07:45:25'),(416,'Pudukkottai',44,'2006-02-15 07:45:25'),(417,'Pune',44,'2006-02-15 07:45:25'),(418,'Purnea (Purnia)',44,'2006-02-15 07:45:25'),(419,'Purwakarta',45,'2006-02-15 07:45:25'),(420,'Pyongyang',70,'2006-02-15 07:45:25'),(421,'Qalyub',29,'2006-02-15 07:45:25'),(422,'Qinhuangdao',23,'2006-02-15 07:45:25'),(423,'Qomsheh',46,'2006-02-15 07:45:25'),(424,'Quilmes',6,'2006-02-15 07:45:25'),(425,'Rae Bareli',44,'2006-02-15 07:45:25'),(426,'Rajkot',44,'2006-02-15 07:45:25'),(427,'Rampur',44,'2006-02-15 07:45:25'),(428,'Rancagua',22,'2006-02-15 07:45:25'),(429,'Ranchi',44,'2006-02-15 07:45:25'),(430,'Richmond Hill',20,'2006-02-15 07:45:25'),(431,'Rio Claro',15,'2006-02-15 07:45:25'),(432,'Rizhao',23,'2006-02-15 07:45:25'),(433,'Roanoke',103,'2006-02-15 07:45:25'),(434,'Robamba',28,'2006-02-15 07:45:25'),(435,'Rockford',103,'2006-02-15 07:45:25'),(436,'Ruse',17,'2006-02-15 07:45:25'),(437,'Rustenburg',85,'2006-02-15 07:45:25'),(438,'s-Hertogenbosch',67,'2006-02-15 07:45:25'),(439,'Saarbrcken',38,'2006-02-15 07:45:25'),(440,'Sagamihara',50,'2006-02-15 07:45:25'),(441,'Saint Louis',103,'2006-02-15 07:45:25'),(442,'Saint-Denis',79,'2006-02-15 07:45:25'),(443,'Sal',62,'2006-02-15 07:45:25'),(444,'Salala',71,'2006-02-15 07:45:25'),(445,'Salamanca',60,'2006-02-15 07:45:25'),(446,'Salinas',103,'2006-02-15 07:45:25'),(447,'Salzburg',9,'2006-02-15 07:45:25'),(448,'Sambhal',44,'2006-02-15 07:45:25'),(449,'San Bernardino',103,'2006-02-15 07:45:25'),(450,'San Felipe de Puerto Plata',27,'2006-02-15 07:45:25'),(451,'San Felipe del Progreso',60,'2006-02-15 07:45:25'),(452,'San Juan Bautista Tuxtepec',60,'2006-02-15 07:45:25'),(453,'San Lorenzo',73,'2006-02-15 07:45:25'),(454,'San Miguel de Tucumn',6,'2006-02-15 07:45:25'),(455,'Sanaa',107,'2006-02-15 07:45:25'),(456,'Santa Brbara dOeste',15,'2006-02-15 07:45:25'),(457,'Santa F',6,'2006-02-15 07:45:25'),(458,'Santa Rosa',75,'2006-02-15 07:45:25'),(459,'Santiago de Compostela',87,'2006-02-15 07:45:25'),(460,'Santiago de los Caballeros',27,'2006-02-15 07:45:25'),(461,'Santo Andr',15,'2006-02-15 07:45:25'),(462,'Sanya',23,'2006-02-15 07:45:25'),(463,'Sasebo',50,'2006-02-15 07:45:25'),(464,'Satna',44,'2006-02-15 07:45:25'),(465,'Sawhaj',29,'2006-02-15 07:45:25'),(466,'Serpuhov',80,'2006-02-15 07:45:25'),(467,'Shahr-e Kord',46,'2006-02-15 07:45:25'),(468,'Shanwei',23,'2006-02-15 07:45:25'),(469,'Shaoguan',23,'2006-02-15 07:45:25'),(470,'Sharja',101,'2006-02-15 07:45:25'),(471,'Shenzhen',23,'2006-02-15 07:45:25'),(472,'Shikarpur',72,'2006-02-15 07:45:25'),(473,'Shimoga',44,'2006-02-15 07:45:25'),(474,'Shimonoseki',50,'2006-02-15 07:45:25'),(475,'Shivapuri',44,'2006-02-15 07:45:25'),(476,'Shubra al-Khayma',29,'2006-02-15 07:45:25'),(477,'Siegen',38,'2006-02-15 07:45:25'),(478,'Siliguri (Shiliguri)',44,'2006-02-15 07:45:25'),(479,'Simferopol',100,'2006-02-15 07:45:25'),(480,'Sincelejo',24,'2006-02-15 07:45:25'),(481,'Sirjan',46,'2006-02-15 07:45:25'),(482,'Sivas',97,'2006-02-15 07:45:25'),(483,'Skikda',2,'2006-02-15 07:45:25'),(484,'Smolensk',80,'2006-02-15 07:45:25'),(485,'So Bernardo do Campo',15,'2006-02-15 07:45:25'),(486,'So Leopoldo',15,'2006-02-15 07:45:25'),(487,'Sogamoso',24,'2006-02-15 07:45:25'),(488,'Sokoto',69,'2006-02-15 07:45:25'),(489,'Songkhla',94,'2006-02-15 07:45:25'),(490,'Sorocaba',15,'2006-02-15 07:45:25'),(491,'Soshanguve',85,'2006-02-15 07:45:25'),(492,'Sousse',96,'2006-02-15 07:45:25'),(493,'South Hill',5,'2006-02-15 07:45:25'),(494,'Southampton',102,'2006-02-15 07:45:25'),(495,'Southend-on-Sea',102,'2006-02-15 07:45:25'),(496,'Southport',102,'2006-02-15 07:45:25'),(497,'Springs',85,'2006-02-15 07:45:25'),(498,'Stara Zagora',17,'2006-02-15 07:45:25'),(499,'Sterling Heights',103,'2006-02-15 07:45:25'),(500,'Stockport',102,'2006-02-15 07:45:25'),(501,'Sucre',14,'2006-02-15 07:45:25'),(502,'Suihua',23,'2006-02-15 07:45:25'),(503,'Sullana',74,'2006-02-15 07:45:25'),(504,'Sultanbeyli',97,'2006-02-15 07:45:25'),(505,'Sumqayit',10,'2006-02-15 07:45:25'),(506,'Sumy',100,'2006-02-15 07:45:25'),(507,'Sungai Petani',59,'2006-02-15 07:45:25'),(508,'Sunnyvale',103,'2006-02-15 07:45:25'),(509,'Surakarta',45,'2006-02-15 07:45:25'),(510,'Syktyvkar',80,'2006-02-15 07:45:25'),(511,'Syrakusa',49,'2006-02-15 07:45:25'),(512,'Szkesfehrvr',43,'2006-02-15 07:45:25'),(513,'Tabora',93,'2006-02-15 07:45:25'),(514,'Tabriz',46,'2006-02-15 07:45:25'),(515,'Tabuk',82,'2006-02-15 07:45:25'),(516,'Tafuna',3,'2006-02-15 07:45:25'),(517,'Taguig',75,'2006-02-15 07:45:25'),(518,'Taizz',107,'2006-02-15 07:45:25'),(519,'Talavera',75,'2006-02-15 07:45:25'),(520,'Tallahassee',103,'2006-02-15 07:45:25'),(521,'Tama',50,'2006-02-15 07:45:25'),(522,'Tambaram',44,'2006-02-15 07:45:25'),(523,'Tanauan',75,'2006-02-15 07:45:25'),(524,'Tandil',6,'2006-02-15 07:45:25'),(525,'Tangail',12,'2006-02-15 07:45:25'),(526,'Tanshui',92,'2006-02-15 07:45:25'),(527,'Tanza',75,'2006-02-15 07:45:25'),(528,'Tarlac',75,'2006-02-15 07:45:25'),(529,'Tarsus',97,'2006-02-15 07:45:25'),(530,'Tartu',30,'2006-02-15 07:45:25'),(531,'Teboksary',80,'2006-02-15 07:45:25'),(532,'Tegal',45,'2006-02-15 07:45:25'),(533,'Tel Aviv-Jaffa',48,'2006-02-15 07:45:25'),(534,'Tete',63,'2006-02-15 07:45:25'),(535,'Tianjin',23,'2006-02-15 07:45:25'),(536,'Tiefa',23,'2006-02-15 07:45:25'),(537,'Tieli',23,'2006-02-15 07:45:25'),(538,'Tokat',97,'2006-02-15 07:45:25'),(539,'Tonghae',86,'2006-02-15 07:45:25'),(540,'Tongliao',23,'2006-02-15 07:45:25'),(541,'Torren',60,'2006-02-15 07:45:25'),(542,'Touliu',92,'2006-02-15 07:45:25'),(543,'Toulon',34,'2006-02-15 07:45:25'),(544,'Toulouse',34,'2006-02-15 07:45:25'),(545,'Trshavn',32,'2006-02-15 07:45:25'),(546,'Tsaotun',92,'2006-02-15 07:45:25'),(547,'Tsuyama',50,'2006-02-15 07:45:25'),(548,'Tuguegarao',75,'2006-02-15 07:45:25'),(549,'Tychy',76,'2006-02-15 07:45:25'),(550,'Udaipur',44,'2006-02-15 07:45:25'),(551,'Udine',49,'2006-02-15 07:45:25'),(552,'Ueda',50,'2006-02-15 07:45:25'),(553,'Uijongbu',86,'2006-02-15 07:45:25'),(554,'Uluberia',44,'2006-02-15 07:45:25'),(555,'Urawa',50,'2006-02-15 07:45:25'),(556,'Uruapan',60,'2006-02-15 07:45:25'),(557,'Usak',97,'2006-02-15 07:45:25'),(558,'Usolje-Sibirskoje',80,'2006-02-15 07:45:25'),(559,'Uttarpara-Kotrung',44,'2006-02-15 07:45:25'),(560,'Vaduz',55,'2006-02-15 07:45:25'),(561,'Valencia',104,'2006-02-15 07:45:25'),(562,'Valle de la Pascua',104,'2006-02-15 07:45:25'),(563,'Valle de Santiago',60,'2006-02-15 07:45:25'),(564,'Valparai',44,'2006-02-15 07:45:25'),(565,'Vancouver',20,'2006-02-15 07:45:25'),(566,'Varanasi (Benares)',44,'2006-02-15 07:45:25'),(567,'Vicente Lpez',6,'2006-02-15 07:45:25'),(568,'Vijayawada',44,'2006-02-15 07:45:25'),(569,'Vila Velha',15,'2006-02-15 07:45:25'),(570,'Vilnius',56,'2006-02-15 07:45:25'),(571,'Vinh',105,'2006-02-15 07:45:25'),(572,'Vitria de Santo Anto',15,'2006-02-15 07:45:25'),(573,'Warren',103,'2006-02-15 07:45:25'),(574,'Weifang',23,'2006-02-15 07:45:25'),(575,'Witten',38,'2006-02-15 07:45:25'),(576,'Woodridge',8,'2006-02-15 07:45:25'),(577,'Wroclaw',76,'2006-02-15 07:45:25'),(578,'Xiangfan',23,'2006-02-15 07:45:25'),(579,'Xiangtan',23,'2006-02-15 07:45:25'),(580,'Xintai',23,'2006-02-15 07:45:25'),(581,'Xinxiang',23,'2006-02-15 07:45:25'),(582,'Yamuna Nagar',44,'2006-02-15 07:45:25'),(583,'Yangor',65,'2006-02-15 07:45:25'),(584,'Yantai',23,'2006-02-15 07:45:25'),(585,'Yaound',19,'2006-02-15 07:45:25'),(586,'Yerevan',7,'2006-02-15 07:45:25'),(587,'Yinchuan',23,'2006-02-15 07:45:25'),(588,'Yingkou',23,'2006-02-15 07:45:25'),(589,'York',102,'2006-02-15 07:45:25'),(590,'Yuncheng',23,'2006-02-15 07:45:25'),(591,'Yuzhou',23,'2006-02-15 07:45:25'),(592,'Zalantun',23,'2006-02-15 07:45:25'),(593,'Zanzibar',93,'2006-02-15 07:45:25'),(594,'Zaoyang',23,'2006-02-15 07:45:25'),(595,'Zapopan',60,'2006-02-15 07:45:25'),(596,'Zaria',69,'2006-02-15 07:45:25'),(597,'Zeleznogorsk',80,'2006-02-15 07:45:25'),(598,'Zhezqazghan',51,'2006-02-15 07:45:25'),(599,'Zhoushan',23,'2006-02-15 07:45:25'),(600,'Ziguinchor',83,'2006-02-15 07:45:25');

--
-- Table structure for table  address 
--
DROP TABLE IF EXISTS address;
CREATE TABLE address (
  address_id int unsigned NOT NULL AUTO_INCREMENT,
  address varchar(50) NOT NULL,
  address2 varchar(50) DEFAULT NULL,
  district varchar(20) NOT NULL,
  city_id int unsigned NOT NULL,
  postal_code varchar(10) DEFAULT NULL,
  phone varchar(20) NOT NULL,
  last_update timestamp NOT NULL DEFAULT CURRENT_TIMESTAMP ON UPDATE CURRENT_TIMESTAMP,
  PRIMARY KEY (address_id),
  KEY idx_fk_city_id (city_id),
  CONSTRAINT fk_address_city FOREIGN KEY (city_id) REFERENCES city (city_id) ON UPDATE CASCADE
);

--
-- Dumping data for table  address 
--

INSERT INTO  address  VALUES (1,'47 MySakila Drive',NULL,'Alberta',300,'','','2006-02-15 07:45:30'),(2,'28 MySQL Boulevard',NULL,'QLD',576,'','','2006-02-15 07:45:30'),(3,'23 Workhaven Lane',NULL,'Alberta',300,'','14033335568','2006-02-15 07:45:30'),(4,'1411 Lillydale Drive',NULL,'QLD',576,'','6172235589','2006-02-15 07:45:30'),(5,'1913 Hanoi Way','','Nagasaki',463,'35200','28303384290','2006-02-15 07:45:30'),(6,'1121 Loja Avenue','','California',449,'17886','838635286649','2006-02-15 07:45:30'),(7,'692 Joliet Street','','Attika',38,'83579','448477190408','2006-02-15 07:45:30'),(8,'1566 Inegl Manor','','Mandalay',349,'53561','705814003527','2006-02-15 07:45:30'),(9,'53 Idfu Parkway','','Nantou',361,'42399','10655648674','2006-02-15 07:45:30'),(10,'1795 Santiago de Compostela Way','','Texas',295,'18743','860452626434','2006-02-15 07:45:30'),(11,'900 Santiago de Compostela Parkway','','Central Serbia',280,'93896','716571220373','2006-02-15 07:45:30'),(12,'478 Joliet Way','','Hamilton',200,'77948','657282285970','2006-02-15 07:45:30'),(13,'613 Korolev Drive','','Masqat',329,'45844','380657522649','2006-02-15 07:45:30'),(14,'1531 Sal Drive','','Esfahan',162,'53628','648856936185','2006-02-15 07:45:30'),(15,'1542 Tarlac Parkway','','Kanagawa',440,'1027','635297277345','2006-02-15 07:45:30'),(16,'808 Bhopal Manor','','Haryana',582,'10672','465887807014','2006-02-15 07:45:30'),(17,'270 Amroha Parkway','','Osmaniye',384,'29610','695479687538','2006-02-15 07:45:30'),(18,'770 Bydgoszcz Avenue','','California',120,'16266','517338314235','2006-02-15 07:45:30'),(19,'419 Iligan Lane','','Madhya Pradesh',76,'72878','990911107354','2006-02-15 07:45:30'),(20,'360 Toulouse Parkway','','England',495,'54308','949312333307','2006-02-15 07:45:30'),(21,'270 Toulon Boulevard','','Kalmykia',156,'81766','407752414682','2006-02-15 07:45:30'),(22,'320 Brest Avenue','','Kaduna',252,'43331','747791594069','2006-02-15 07:45:30'),(23,'1417 Lancaster Avenue','','Northern Cape',267,'72192','272572357893','2006-02-15 07:45:30'),(24,'1688 Okara Way','','Nothwest Border Prov',327,'21954','144453869132','2006-02-15 07:45:30'),(25,'262 A Corua (La Corua) Parkway','','Dhaka',525,'34418','892775750063','2006-02-15 07:45:30'),(26,'28 Charlotte Amalie Street','','Rabat-Sal-Zammour-Z',443,'37551','161968374323','2006-02-15 07:45:30'),(27,'1780 Hino Boulevard','','Liepaja',303,'7716','902731229323','2006-02-15 07:45:30'),(28,'96 Tafuna Way','','Crdoba',128,'99865','934730187245','2006-02-15 07:45:30'),(29,'934 San Felipe de Puerto Plata Street','','Sind',472,'99780','196495945706','2006-02-15 07:45:30'),(30,'18 Duisburg Boulevard','','',121,'58327','998009777982','2006-02-15 07:45:30'),(31,'217 Botshabelo Place','','Southern Mindanao',138,'49521','665356572025','2006-02-15 07:45:30'),(32,'1425 Shikarpur Manor','','Bihar',346,'65599','678220867005','2006-02-15 07:45:30'),(33,'786 Aurora Avenue','','Yamaguchi',474,'65750','18461860151','2006-02-15 07:45:30'),(34,'1668 Anpolis Street','','Taipei',316,'50199','525255540978','2006-02-15 07:45:30'),(35,'33 Gorontalo Way','','West Bengali',257,'30348','745994947458','2006-02-15 07:45:30'),(36,'176 Mandaluyong Place','','Uttar Pradesh',239,'65213','627705991774','2006-02-15 07:45:30'),(37,'127 Purnea (Purnia) Manor','','Piemonte',17,'79388','911872220378','2006-02-15 07:45:30'),(38,'61 Tama Street','','Okayama',284,'94065','708403338270','2006-02-15 07:45:30'),(39,'391 Callao Drive','','Midi-Pyrnes',544,'34021','440512153169','2006-02-15 07:45:30'),(40,'334 Munger (Monghyr) Lane','','Markazi',31,'38145','481183273622','2006-02-15 07:45:30'),(41,'1440 Fukuyama Loop','','Henan',362,'47929','912257250465','2006-02-15 07:45:30'),(42,'269 Cam Ranh Parkway','','Chisinau',115,'34689','489783829737','2006-02-15 07:45:30'),(43,'306 Antofagasta Place','','Esprito Santo',569,'3989','378318851631','2006-02-15 07:45:30'),(44,'671 Graz Street','','Oriental',353,'94399','680768868518','2006-02-15 07:45:30'),(45,'42 Brindisi Place','','Yerevan',586,'16744','42384721397','2006-02-15 07:45:30'),(46,'1632 Bislig Avenue','','Nonthaburi',394,'61117','471675840679','2006-02-15 07:45:30'),(47,'1447 Imus Way','','Tahiti',167,'48942','539758313890','2006-02-15 07:45:30'),(48,'1998 Halifax Drive','','Lipetsk',308,'76022','177727722820','2006-02-15 07:45:30'),(49,'1718 Valencia Street','','Antofagasta',27,'37359','675292816413','2006-02-15 07:45:30'),(50,'46 Pjatigorsk Lane','','Moscow (City)',343,'23616','262076994845','2006-02-15 07:45:30'),(51,'686 Garland Manor','','Cear',247,'52535','69493378813','2006-02-15 07:45:30'),(52,'909 Garland Manor','','Tatarstan',367,'69367','705800322606','2006-02-15 07:45:30'),(53,'725 Isesaki Place','','Mekka',237,'74428','876295323994','2006-02-15 07:45:30'),(54,'115 Hidalgo Parkway','','Khartum',379,'80168','307703950263','2006-02-15 07:45:30'),(55,'1135 Izumisano Parkway','','California',171,'48150','171822533480','2006-02-15 07:45:30'),(56,'939 Probolinggo Loop','','Galicia',1,'4166','680428310138','2006-02-15 07:45:30'),(57,'17 Kabul Boulevard','','Chiba',355,'38594','697760867968','2006-02-15 07:45:30'),(58,'1964 Allappuzha (Alleppey) Street','','Yamaguchi',227,'48980','920811325222','2006-02-15 07:45:30'),(59,'1697 Kowloon and New Kowloon Loop','','Moskova',49,'57807','499352017190','2006-02-15 07:45:30'),(60,'1668 Saint Louis Place','','Tahiti',397,'39072','347487831378','2006-02-15 07:45:30'),(61,'943 Tokat Street','','Vaduz',560,'45428','889318963672','2006-02-15 07:45:30'),(62,'1114 Liepaja Street','','Sarawak',282,'69226','212869228936','2006-02-15 07:45:30'),(63,'1213 Ranchi Parkway','','Karnataka',350,'94352','800024380485','2006-02-15 07:45:30'),(64,'81 Hodeida Way','','Rajasthan',231,'55561','250767749542','2006-02-15 07:45:30'),(65,'915 Ponce Place','','Basel-Stadt',56,'83980','1395251317','2006-02-15 07:45:30'),(66,'1717 Guadalajara Lane','','Missouri',441,'85505','914090181665','2006-02-15 07:45:30'),(67,'1214 Hanoi Way','','Nebraska',306,'67055','491001136577','2006-02-15 07:45:30'),(68,'1966 Amroha Avenue','','Sichuan',139,'70385','333489324603','2006-02-15 07:45:30'),(69,'698 Otsu Street','','Cayenne',105,'71110','409983924481','2006-02-15 07:45:30'),(70,'1150 Kimchon Manor','','Skne ln',321,'96109','663449333709','2006-02-15 07:45:30'),(71,'1586 Guaruj Place','','Hunan',579,'5135','947233365992','2006-02-15 07:45:30'),(72,'57 Arlington Manor','','Madhya Pradesh',475,'48960','990214419142','2006-02-15 07:45:30'),(73,'1031 Daugavpils Parkway','','Bchar',63,'59025','107137400143','2006-02-15 07:45:30'),(74,'1124 Buenaventura Drive','','Mekka',13,'6856','407733804223','2006-02-15 07:45:30'),(75,'492 Cam Ranh Street','','Eastern Visayas',61,'50805','565018274456','2006-02-15 07:45:30'),(76,'89 Allappuzha (Alleppey) Manor','','National Capital Reg',517,'75444','255800440636','2006-02-15 07:45:30'),(77,'1947 Poos de Caldas Boulevard','','Chiayi',114,'60951','427454485876','2006-02-15 07:45:30'),(78,'1206 Dos Quebradas Place','','So Paulo',431,'20207','241832790687','2006-02-15 07:45:30'),(79,'1551 Rampur Lane','','Changhwa',108,'72394','251164340471','2006-02-15 07:45:30'),(80,'602 Paarl Street','','Pavlodar',402,'98889','896314772871','2006-02-15 07:45:30'),(81,'1692 Ede Loop','','So Paulo',30,'9223','918711376618','2006-02-15 07:45:30'),(82,'936 Salzburg Lane','','Uttar Pradesh',425,'96709','875756771675','2006-02-15 07:45:30'),(83,'586 Tete Way','','Kanagawa',256,'1079','18581624103','2006-02-15 07:45:30'),(84,'1888 Kabul Drive','','Oyo & Osun',217,'20936','701457319790','2006-02-15 07:45:30'),(85,'320 Baiyin Parkway','','Mahajanga',319,'37307','223664661973','2006-02-15 07:45:30'),(86,'927 Baha Blanca Parkway','','Krim',479,'9495','821972242086','2006-02-15 07:45:30'),(87,'929 Tallahassee Loop','','Gauteng',497,'74671','800716535041','2006-02-15 07:45:30'),(88,'125 Citt del Vaticano Boulevard','','Puebla',40,'67912','48417642933','2006-02-15 07:45:30'),(89,'1557 Ktahya Boulevard','','England',88,'88002','720998247660','2006-02-15 07:45:30'),(90,'870 Ashqelon Loop','','Songkhla',489,'84931','135117278909','2006-02-15 07:45:30'),(91,'1740 Portoviejo Avenue','','Sucre',480,'29932','198123170793','2006-02-15 07:45:30'),(92,'1942 Ciparay Parkway','','Cheju',113,'82624','978987363654','2006-02-15 07:45:30'),(93,'1926 El Alto Avenue','','Buenos Aires',289,'75543','846225459260','2006-02-15 07:45:30'),(94,'1952 Chatsworth Drive','','Guangdong',332,'25958','991562402283','2006-02-15 07:45:30'),(95,'1370 Le Mans Avenue','','Brunei and Muara',53,'52163','345679835036','2006-02-15 07:45:30'),(96,'984 Effon-Alaiye Avenue','','Gois',183,'17119','132986892228','2006-02-15 07:45:30'),(97,'832 Nakhon Sawan Manor','','Inner Mongolia',592,'49021','275595571388','2006-02-15 07:45:30'),(98,'152 Kitwe Parkway','','Caraga',82,'53182','835433605312','2006-02-15 07:45:30'),(99,'1697 Tanauan Lane','','Punjab',399,'22870','4764773857','2006-02-15 07:45:30'),(100,'1308 Arecibo Way','','Georgia',41,'30695','6171054059','2006-02-15 07:45:30'),(101,'1599 Plock Drive','','Tete',534,'71986','817248913162','2006-02-15 07:45:30'),(102,'669 Firozabad Loop','','Abu Dhabi',12,'92265','412903167998','2006-02-15 07:45:30'),(103,'588 Vila Velha Manor','','Kyongsangbuk',268,'51540','333339908719','2006-02-15 07:45:30'),(104,'1913 Kamakura Place','','Lipetsk',238,'97287','942570536750','2006-02-15 07:45:30'),(105,'733 Mandaluyong Place','','Asir',2,'77459','196568435814','2006-02-15 07:45:30'),(106,'659 Vaduz Drive','','Ha Darom',34,'49708','709935135487','2006-02-15 07:45:30'),(107,'1177 Jelets Way','','Kwara & Kogi',220,'3305','484292626944','2006-02-15 07:45:30'),(108,'1386 Yangor Avenue','','Provence-Alpes-Cte',543,'80720','449216226468','2006-02-15 07:45:30'),(109,'454 Nakhon Sawan Boulevard','','Funafuti',173,'76383','963887147572','2006-02-15 07:45:30'),(110,'1867 San Juan Bautista Tuxtepec Avenue','','Ivanovo',225,'78311','547003310357','2006-02-15 07:45:30'),(111,'1532 Dzerzinsk Way','','Buenos Aires',334,'9599','330838016880','2006-02-15 07:45:30'),(112,'1002 Ahmadnagar Manor','','Mxico',213,'93026','371490777743','2006-02-15 07:45:30'),(113,'682 Junan Way','','North West',273,'30418','622255216127','2006-02-15 07:45:30'),(114,'804 Elista Drive','','Hubei',159,'61069','379804592943','2006-02-15 07:45:30'),(115,'1378 Alvorada Avenue','','Distrito Federal',102,'75834','272234298332','2006-02-15 07:45:30'),(116,'793 Cam Ranh Avenue','','California',292,'87057','824370924746','2006-02-15 07:45:30'),(117,'1079 Tel Aviv-Jaffa Boulevard','','Sucre',132,'10885','358178933857','2006-02-15 07:45:30'),(118,'442 Rae Bareli Place','','Nordrhein-Westfalen',148,'24321','886636413768','2006-02-15 07:45:30'),(119,'1107 Nakhon Sawan Avenue','','Mxico',365,'75149','867546627903','2006-02-15 07:45:30'),(120,'544 Malm Parkway','','Central Java',403,'63502','386759646229','2006-02-15 07:45:30'),(121,'1967 Sincelejo Place','','Gujarat',176,'73644','577812616052','2006-02-15 07:45:30'),(122,'333 Goinia Way','','Texas',185,'78625','909029256431','2006-02-15 07:45:30'),(123,'1987 Coacalco de Berriozbal Loop','','al-Qalyubiya',476,'96065','787654415858','2006-02-15 07:45:30'),(124,'241 Mosul Lane','','Risaralda',147,'76157','765345144779','2006-02-15 07:45:30'),(125,'211 Chiayi Drive','','Uttar Pradesh',164,'58186','665993880048','2006-02-15 07:45:30'),(126,'1175 Tanauan Way','','Lima',305,'64615','937222955822','2006-02-15 07:45:30'),(127,'117 Boa Vista Way','','Uttar Pradesh',566,'6804','677976133614','2006-02-15 07:45:30'),(128,'848 Tafuna Manor','','Ktahya',281,'45142','614935229095','2006-02-15 07:45:30'),(129,'569 Baicheng Lane','','Gauteng',85,'60304','490211944645','2006-02-15 07:45:30'),(130,'1666 Qomsheh Drive','','So Paulo',410,'66255','582835362905','2006-02-15 07:45:30'),(131,'801 Hagonoy Drive','','Smolensk',484,'8439','237426099212','2006-02-15 07:45:30'),(132,'1050 Garden Grove Avenue','','Slaskie',236,'4999','973047364353','2006-02-15 07:45:30'),(133,'1854 Tieli Street','','Shandong',302,'15819','509492324775','2006-02-15 07:45:30'),(134,'758 Junan Lane','','Gois',190,'82639','935448624185','2006-02-15 07:45:30'),(135,'1752 So Leopoldo Parkway','','Taka-Karpatia',345,'14014','252265130067','2006-02-15 07:45:30'),(136,'898 Belm Manor','','Free State',87,'49757','707169393853','2006-02-15 07:45:30'),(137,'261 Saint Louis Way','','Coahuila de Zaragoza',541,'83401','321944036800','2006-02-15 07:45:30'),(138,'765 Southampton Drive','','al-Qalyubiya',421,'4285','23712411567','2006-02-15 07:45:30'),(139,'943 Johannesburg Avenue','','Maharashtra',417,'5892','90921003005','2006-02-15 07:45:30'),(140,'788 Atinsk Street','','Karnataka',211,'81691','146497509724','2006-02-15 07:45:30'),(141,'1749 Daxian Place','','Gelderland',29,'11044','963369996279','2006-02-15 07:45:30'),(142,'1587 Sullana Lane','','Inner Mongolia',207,'85769','468060467018','2006-02-15 07:45:30'),(143,'1029 Dzerzinsk Manor','','Ynlin',542,'57519','33173584456','2006-02-15 07:45:30'),(144,'1666 Beni-Mellal Place','','Tennessee',123,'13377','9099941466','2006-02-15 07:45:30'),(145,'928 Jaffna Loop','','Hiroshima',172,'93762','581852137991','2006-02-15 07:45:30'),(146,'483 Ljubertsy Parkway','','Scotland',149,'60562','581174211853','2006-02-15 07:45:30'),(147,'374 Bat Yam Boulevard','','Kilis',266,'97700','923261616249','2006-02-15 07:45:30'),(148,'1027 Songkhla Manor','','Minsk',340,'30861','563660187896','2006-02-15 07:45:30'),(149,'999 Sanaa Loop','','Gauteng',491,'3439','918032330119','2006-02-15 07:45:30'),(150,'879 Newcastle Way','','Michigan',499,'90732','206841104594','2006-02-15 07:45:30'),(151,'1337 Lincoln Parkway','','Saitama',555,'99457','597815221267','2006-02-15 07:45:30'),(152,'1952 Pune Lane','','Saint-Denis',442,'92150','354615066969','2006-02-15 07:45:30'),(153,'782 Mosul Street','','Massachusetts',94,'25545','885899703621','2006-02-15 07:45:30'),(154,'781 Shimonoseki Drive','','Michoacn de Ocampo',202,'95444','632316273199','2006-02-15 07:45:30'),(155,'1560 Jelets Boulevard','','Shandong',291,'77777','189446090264','2006-02-15 07:45:30'),(156,'1963 Moscow Place','','Assam',354,'64863','761379480249','2006-02-15 07:45:30'),(157,'456 Escobar Way','','Jakarta Raya',232,'36061','719202533520','2006-02-15 07:45:30'),(158,'798 Cianjur Avenue','','Shanxi',590,'76990','499408708580','2006-02-15 07:45:30'),(159,'185 Novi Sad Place','','Bern',72,'41778','904253967161','2006-02-15 07:45:30'),(160,'1367 Yantai Manor','','Ondo & Ekiti',381,'21294','889538496300','2006-02-15 07:45:30'),(161,'1386 Nakhon Sawan Boulevard','','Pyongyang-si',420,'53502','368899174225','2006-02-15 07:45:30'),(162,'369 Papeete Way','','North Carolina',187,'66639','170117068815','2006-02-15 07:45:30'),(163,'1440 Compton Place','','North Austria',307,'81037','931059836497','2006-02-15 07:45:30'),(164,'1623 Baha Blanca Manor','','Moskova',310,'81511','149981248346','2006-02-15 07:45:30'),(165,'97 Shimoga Avenue','','Tel Aviv',533,'44660','177167004331','2006-02-15 07:45:30'),(166,'1740 Le Mans Loop','','Pays de la Loire',297,'22853','168476538960','2006-02-15 07:45:30'),(167,'1287 Xiangfan Boulevard','','Gifu',253,'57844','819416131190','2006-02-15 07:45:30'),(168,'842 Salzburg Lane','','Adana',529,'3313','697151428760','2006-02-15 07:45:30'),(169,'154 Tallahassee Loop','','Xinxiang',199,'62250','935508855935','2006-02-15 07:45:30'),(170,'710 San Felipe del Progreso Avenue','','Lilongwe',304,'76901','843801144113','2006-02-15 07:45:30'),(171,'1540 Wroclaw Drive','','Maharashtra',107,'62686','182363341674','2006-02-15 07:45:30'),(172,'475 Atinsk Way','','Gansu',240,'59571','201705577290','2006-02-15 07:45:30'),(173,'1294 Firozabad Drive','','Jiangxi',407,'70618','161801569569','2006-02-15 07:45:30'),(174,'1877 Ezhou Lane','','Rajasthan',550,'63337','264541743403','2006-02-15 07:45:30'),(175,'316 Uruapan Street','','Perak',223,'58194','275788967899','2006-02-15 07:45:30'),(176,'29 Pyongyang Loop','','Batman',58,'47753','734780743462','2006-02-15 07:45:30'),(177,'1010 Klerksdorp Way','','Steiermark',186,'6802','493008546874','2006-02-15 07:45:30'),(178,'1848 Salala Boulevard','','Miranda',373,'25220','48265851133','2006-02-15 07:45:30'),(179,'431 Xiangtan Avenue','','Kerala',18,'4854','230250973122','2006-02-15 07:45:30'),(180,'757 Rustenburg Avenue','','Skikda',483,'89668','506134035434','2006-02-15 07:45:30'),(181,'146 Johannesburg Way','','Tamaulipas',330,'54132','953689007081','2006-02-15 07:45:30'),(182,'1891 Rizhao Boulevard','','So Paulo',456,'47288','391065549876','2006-02-15 07:45:30'),(183,'1089 Iwatsuki Avenue','','Kirov',270,'35109','866092335135','2006-02-15 07:45:30'),(184,'1410 Benin City Parkway','','Risaralda',405,'29747','104150372603','2006-02-15 07:45:30'),(185,'682 Garden Grove Place','','Tennessee',333,'67497','72136330362','2006-02-15 07:45:30'),(186,'533 al-Ayn Boulevard','','California',126,'8862','662227486184','2006-02-15 07:45:30'),(187,'1839 Szkesfehrvr Parkway','','Gois',317,'55709','947468818183','2006-02-15 07:45:30'),(188,'741 Ambattur Manor','','Noord-Brabant',438,'43310','302590383819','2006-02-15 07:45:30'),(189,'927 Barcelona Street','','Chaharmahal va Bakht',467,'65121','951486492670','2006-02-15 07:45:30'),(190,'435 0 Way','','West Bengali',195,'74750','760171523969','2006-02-15 07:45:30'),(191,'140 Chiayi Parkway','','Sumy',506,'38982','855863906434','2006-02-15 07:45:30'),(192,'1166 Changhwa Street','','Caraga',62,'58852','650752094490','2006-02-15 07:45:30'),(193,'891 Novi Sad Manor','','Ontario',383,'5379','247646995453','2006-02-15 07:45:30'),(194,'605 Rio Claro Parkway','','Tabora',513,'49348','352469351088','2006-02-15 07:45:30'),(195,'1077 San Felipe de Puerto Plata Place','','Rostov-na-Donu',369,'65387','812824036424','2006-02-15 07:45:30'),(196,'9 San Miguel de Tucumn Manor','','Uttar Pradesh',169,'90845','956188728558','2006-02-15 07:45:30'),(197,'447 Surakarta Loop','','Nyanza',271,'10428','940830176580','2006-02-15 07:45:30'),(198,'345 Oshawa Boulevard','','Tokyo-to',204,'32114','104491201771','2006-02-15 07:45:30'),(199,'1792 Valle de la Pascua Place','','Nordrhein-Westfalen',477,'15540','419419591240','2006-02-15 07:45:30'),(200,'1074 Binzhou Manor','','Baden-Wrttemberg',325,'36490','331132568928','2006-02-15 07:45:30'),(201,'817 Bradford Loop','','Jiangsu',109,'89459','264286442804','2006-02-15 07:45:30'),(202,'955 Bamenda Way','','Ondo & Ekiti',218,'1545','768481779568','2006-02-15 07:45:30'),(203,'1149 A Corua (La Corua) Boulevard','','Haiphong',194,'95824','470884141195','2006-02-15 07:45:30'),(204,'387 Mwene-Ditu Drive','','Ahal',35,'8073','764477681869','2006-02-15 07:45:30'),(205,'68 Molodetno Manor','','Nordrhein-Westfalen',575,'4662','146640639760','2006-02-15 07:45:30'),(206,'642 Nador Drive','','Maharashtra',77,'3924','369050085652','2006-02-15 07:45:30'),(207,'1688 Nador Lane','','Sulawesi Utara',184,'61613','652218196731','2006-02-15 07:45:30'),(208,'1215 Pyongyang Parkway','','Usak',557,'25238','646237101779','2006-02-15 07:45:30'),(209,'1679 Antofagasta Street','','Alto Paran',122,'86599','905903574913','2006-02-15 07:45:30'),(210,'1304 s-Hertogenbosch Way','','Santa Catarina',83,'10925','90336226227','2006-02-15 07:45:30'),(211,'850 Salala Loop','','Kitaa',371,'10800','403404780639','2006-02-15 07:45:30'),(212,'624 Oshawa Boulevard','','West Bengali',51,'89959','49677664184','2006-02-15 07:45:30'),(213,'43 Dadu Avenue','','Rajasthan',74,'4855','95666951770','2006-02-15 07:45:30'),(214,'751 Lima Loop','','Aden',7,'99405','756460337785','2006-02-15 07:45:30'),(215,'1333 Haldia Street','','Jilin',174,'82161','408304391718','2006-02-15 07:45:30'),(216,'660 Jedda Boulevard','','Washington',65,'25053','168758068397','2006-02-15 07:45:30'),(217,'1001 Miyakonojo Lane','','Taizz',518,'67924','584316724815','2006-02-15 07:45:30'),(218,'226 Brest Manor','','California',508,'2299','785881412500','2006-02-15 07:45:30'),(219,'1229 Valencia Parkway','','Haskovo',498,'99124','352679173732','2006-02-15 07:45:30'),(220,'1201 Qomsheh Manor','','Gois',28,'21464','873492228462','2006-02-15 07:45:30'),(221,'866 Shivapuri Manor','','Uttar Pradesh',448,'22474','778502731092','2006-02-15 07:45:30'),(222,'1168 Najafabad Parkway','','Kabol',251,'40301','886649065861','2006-02-15 07:45:30'),(223,'1244 Allappuzha (Alleppey) Place','','Buenos Aires',567,'20657','991802825778','2006-02-15 07:45:30'),(224,'1842 Luzinia Boulevard','','Zanzibar West',593,'94420','706878974831','2006-02-15 07:45:30'),(225,'1926 Gingoog Street','','Sisilia',511,'22824','469738825391','2006-02-15 07:45:30'),(226,'810 Palghat (Palakkad) Boulevard','','Jaroslavl',235,'73431','516331171356','2006-02-15 07:45:30'),(227,'1820 Maring Parkway','','Punjab',324,'88307','99760893676','2006-02-15 07:45:30'),(228,'60 Poos de Caldas Street','','Rajasthan',243,'82338','963063788669','2006-02-15 07:45:30'),(229,'1014 Loja Manor','','Tamil Nadu',22,'66851','460795526514','2006-02-15 07:45:30'),(230,'201 Effon-Alaiye Way','','Asuncin',37,'64344','684192903087','2006-02-15 07:45:30'),(231,'430 Alessandria Loop','','Saarland',439,'47446','669828224459','2006-02-15 07:45:30'),(232,'754 Valencia Place','','Phnom Penh',406,'87911','594319417514','2006-02-15 07:45:30'),(233,'356 Olomouc Manor','','Gois',26,'93323','22326410776','2006-02-15 07:45:30'),(234,'1256 Bislig Boulevard','','Botosani',86,'50598','479007229460','2006-02-15 07:45:30'),(235,'954 Kimchon Place','','West Bengali',559,'42420','541327526474','2006-02-15 07:45:30'),(236,'885 Yingkou Manor','','Kaduna',596,'31390','588964509072','2006-02-15 07:45:30'),(237,'1736 Cavite Place','','Qina',216,'98775','431770603551','2006-02-15 07:45:30'),(238,'346 Skikda Parkway','','Hawalli',233,'90628','630424482919','2006-02-15 07:45:30'),(239,'98 Stara Zagora Boulevard','','Valle',96,'76448','610173756082','2006-02-15 07:45:30'),(240,'1479 Rustenburg Boulevard','','Southern Tagalog',527,'18727','727785483194','2006-02-15 07:45:30'),(241,'647 A Corua (La Corua) Street','','Chollanam',357,'36971','792557457753','2006-02-15 07:45:30'),(242,'1964 Gijn Manor','','Karnataka',473,'14408','918119601885','2006-02-15 07:45:30'),(243,'47 Syktyvkar Lane','','West Java',118,'22236','63937119031','2006-02-15 07:45:30'),(244,'1148 Saarbrcken Parkway','','Fukushima',226,'1921','137773001988','2006-02-15 07:45:30'),(245,'1103 Bilbays Parkway','','Hubei',578,'87660','279979529227','2006-02-15 07:45:30'),(246,'1246 Boksburg Parkway','','Hebei',422,'28349','890283544295','2006-02-15 07:45:30'),(247,'1483 Pathankot Street','','Tucumn',454,'37288','686015532180','2006-02-15 07:45:30'),(248,'582 Papeete Loop','','Central Visayas',294,'27722','569868543137','2006-02-15 07:45:30'),(249,'300 Junan Street','','Kyonggi',553,'81314','890289150158','2006-02-15 07:45:30'),(250,'829 Grand Prairie Way','','Paran',328,'6461','741070712873','2006-02-15 07:45:30'),(251,'1473 Changhwa Parkway','','Mxico',124,'75933','266798132374','2006-02-15 07:45:30'),(252,'1309 Weifang Street','','Florida',520,'57338','435785045362','2006-02-15 07:45:30'),(253,'1760 Oshawa Manor','','Tianjin',535,'38140','56257502250','2006-02-15 07:45:30'),(254,'786 Stara Zagora Way','','Oyo & Osun',390,'98332','716256596301','2006-02-15 07:45:30'),(255,'1966 Tonghae Street','','Anhalt Sachsen',198,'36481','567359279425','2006-02-15 07:45:30'),(256,'1497 Yuzhou Drive','','England',312,'3433','246810237916','2006-02-15 07:45:30'),(258,'752 Ondo Loop','','Miyazaki',338,'32474','134673576619','2006-02-15 07:45:30'),(259,'1338 Zalantun Lane','','Minas Gerais',413,'45403','840522972766','2006-02-15 07:45:30'),(260,'127 Iwakuni Boulevard','','Central Luzon',192,'20777','987442542471','2006-02-15 07:45:30'),(261,'51 Laredo Avenue','','Sagaing',342,'68146','884536620568','2006-02-15 07:45:30'),(262,'771 Yaound Manor','','Sofala',64,'86768','245477603573','2006-02-15 07:45:30'),(263,'532 Toulon Street','','Santiago',460,'69517','46871694740','2006-02-15 07:45:30'),(264,'1027 Banjul Place','','West Bengali',197,'50390','538241037443','2006-02-15 07:45:30'),(265,'1158 Mandi Bahauddin Parkway','','Shanxi',136,'98484','276555730211','2006-02-15 07:45:30'),(266,'862 Xintai Lane','','Cagayan Valley',548,'30065','265153400632','2006-02-15 07:45:30'),(267,'816 Cayenne Parkway','','Manab',414,'93629','282874611748','2006-02-15 07:45:30'),(268,'1831 Nam Dinh Loop','','National Capital Reg',323,'51990','322888976727','2006-02-15 07:45:30'),(269,'446 Kirovo-Tepetsk Lane','','Osaka',203,'19428','303967439816','2006-02-15 07:45:30'),(270,'682 Halisahar Place','','Severn Morava',378,'20536','475553436330','2006-02-15 07:45:30'),(271,'1587 Loja Manor','','Salzburg',447,'5410','621625204422','2006-02-15 07:45:30'),(272,'1762 Paarl Parkway','','Hunan',298,'53928','192459639410','2006-02-15 07:45:30'),(273,'1519 Ilorin Place','','Kerala',395,'49298','357445645426','2006-02-15 07:45:30'),(274,'920 Kumbakonam Loop','','California',446,'75090','685010736240','2006-02-15 07:45:30'),(275,'906 Goinia Way','','Wielkopolskie',255,'83565','701767622697','2006-02-15 07:45:30'),(276,'1675 Xiangfan Manor','','Tamil Nadu',283,'11763','271149517630','2006-02-15 07:45:30'),(277,'85 San Felipe de Puerto Plata Drive','','Shandong',584,'46063','170739645687','2006-02-15 07:45:30'),(278,'144 South Hill Loop','','Guanajuato',445,'2012','45387294817','2006-02-15 07:45:30'),(279,'1884 Shikarpur Avenue','','Haryana',263,'85548','959949395183','2006-02-15 07:45:30'),(280,'1980 Kamjanets-Podilskyi Street','','Illinois',404,'89502','874337098891','2006-02-15 07:45:30'),(281,'1944 Bamenda Way','','Michigan',573,'24645','75975221996','2006-02-15 07:45:30'),(282,'556 Baybay Manor','','Oyo & Osun',374,'55802','363982224739','2006-02-15 07:45:30'),(283,'457 Tongliao Loop','','Bursa',222,'56254','880756161823','2006-02-15 07:45:30'),(284,'600 Bradford Street','','East Azerbaidzan',514,'96204','117592274996','2006-02-15 07:45:30'),(285,'1006 Santa Brbara dOeste Manor','','Ondo & Ekiti',389,'36229','85059738746','2006-02-15 07:45:30'),(286,'1308 Sumy Loop','','Fujian',175,'30657','583021225407','2006-02-15 07:45:30'),(287,'1405 Chisinau Place','','Ponce',411,'8160','62781725285','2006-02-15 07:45:30'),(288,'226 Halifax Street','','Xinxiang',277,'58492','790651020929','2006-02-15 07:45:30'),(289,'1279 Udine Parkway','','Edo & Delta',69,'75860','195003555232','2006-02-15 07:45:30'),(290,'1336 Benin City Drive','','Shiga',386,'46044','341242939532','2006-02-15 07:45:30'),(291,'1155 Liaocheng Place','','Oyo & Osun',152,'22650','558236142492','2006-02-15 07:45:30'),(292,'1993 Tabuk Lane','','Tamil Nadu',522,'64221','648482415405','2006-02-15 07:45:30'),(293,'86 Higashiosaka Lane','','Guanajuato',563,'33768','957128697225','2006-02-15 07:45:30'),(294,'1912 Allende Manor','','Kowloon and New Kowl',279,'58124','172262454487','2006-02-15 07:45:30'),(295,'544 Tarsus Boulevard','','Gurico',562,'53145','892523334','2006-02-15 07:45:30'),(296,'1936 Cuman Avenue','','Virginia',433,'61195','976798660411','2006-02-15 07:45:30'),(297,'1192 Tongliao Street','','Sharja',470,'19065','350970907017','2006-02-15 07:45:30'),(298,'44 Najafabad Way','','Baskimaa',146,'61391','96604821070','2006-02-15 07:45:30'),(299,'32 Pudukkottai Lane','','Ohio',140,'38834','967274728547','2006-02-15 07:45:30'),(300,'661 Chisinau Lane','','Pietari',274,'8856','816436065431','2006-02-15 07:45:30'),(301,'951 Stara Zagora Manor','','Punjab',400,'98573','429925609431','2006-02-15 07:45:30'),(302,'922 Vila Velha Loop','','Maharashtra',9,'4085','510737228015','2006-02-15 07:45:30'),(303,'898 Jining Lane','','Pohjois-Pohjanmaa',387,'40070','161643343536','2006-02-15 07:45:30'),(304,'1635 Kuwana Boulevard','','Hiroshima',205,'52137','710603868323','2006-02-15 07:45:30'),(305,'41 El Alto Parkway','','Maharashtra',398,'56883','51917807050','2006-02-15 07:45:30'),(306,'1883 Maikop Lane','','Kaliningrad',254,'68469','96110042435','2006-02-15 07:45:30'),(307,'1908 Gaziantep Place','','Liaoning',536,'58979','108053751300','2006-02-15 07:45:30'),(308,'687 Alessandria Parkway','','Sanaa',455,'57587','407218522294','2006-02-15 07:45:30'),(309,'827 Yuncheng Drive','','Callao',99,'79047','504434452842','2006-02-15 07:45:30'),(310,'913 Coacalco de Berriozbal Loop','','Texas',33,'42141','262088367001','2006-02-15 07:45:30'),(311,'715 So Bernardo do Campo Lane','','Kedah',507,'84804','181179321332','2006-02-15 07:45:30'),(312,'1354 Siegen Street','','Rio de Janeiro',25,'80184','573441801529','2006-02-15 07:45:30'),(313,'1191 Sungai Petani Boulevard','','Missouri',262,'9668','983259819766','2006-02-15 07:45:30'),(314,'1224 Huejutla de Reyes Boulevard','','Lombardia',91,'70923','806016930576','2006-02-15 07:45:30'),(315,'543 Bergamo Avenue','','Minas Gerais',215,'59686','103602195112','2006-02-15 07:45:30'),(316,'746 Joliet Lane','','Kursk',286,'94878','688485191923','2006-02-15 07:45:30'),(317,'780 Kimberley Way','','Tabuk',515,'17032','824396883951','2006-02-15 07:45:30'),(318,'1774 Yaound Place','','Hubei',166,'91400','613124286867','2006-02-15 07:45:30'),(319,'1957 Yantai Lane','','So Paulo',490,'59255','704948322302','2006-02-15 07:45:30'),(320,'1542 Lubumbashi Boulevard','','Tel Aviv',57,'62472','508800331065','2006-02-15 07:45:30'),(321,'651 Pathankot Loop','','Maharashtra',336,'59811','139378397418','2006-02-15 07:45:30'),(322,'1359 Zhoushan Parkway','','Streymoyar',545,'29763','46568045367','2006-02-15 07:45:30'),(323,'1769 Iwaki Lane','','Kujawsko-Pomorskie',97,'25787','556100547674','2006-02-15 07:45:30'),(324,'1145 Vilnius Manor','','Mxico',451,'73170','674805712553','2006-02-15 07:45:30'),(325,'1892 Nabereznyje Telny Lane','','Tutuila',516,'28396','478229987054','2006-02-15 07:45:30'),(326,'470 Boksburg Street','','Central',81,'97960','908029859266','2006-02-15 07:45:30'),(327,'1427 A Corua (La Corua) Place','','Buenos Aires',45,'85799','972574862516','2006-02-15 07:45:30'),(328,'479 San Felipe del Progreso Avenue','','Morelos',130,'54949','869051782691','2006-02-15 07:45:30'),(329,'867 Benin City Avenue','','Henan',591,'78543','168884817145','2006-02-15 07:45:30'),(330,'981 Kumbakonam Place','','Distrito Federal',89,'87611','829116184079','2006-02-15 07:45:30'),(331,'1016 Iwakuni Street','','St George',269,'49833','961370847344','2006-02-15 07:45:30'),(332,'663 Baha Blanca Parkway','','Adana',5,'33463','834418779292','2006-02-15 07:45:30'),(333,'1860 Taguig Loop','','West Java',119,'59550','38158430589','2006-02-15 07:45:30'),(334,'1816 Bydgoszcz Loop','','Dhaka',234,'64308','965273813662','2006-02-15 07:45:30'),(335,'587 Benguela Manor','','Illinois',42,'91590','165450987037','2006-02-15 07:45:30'),(336,'430 Kumbakonam Drive','','Santa F',457,'28814','105470691550','2006-02-15 07:45:30'),(337,'1838 Tabriz Lane','','Dhaka',143,'1195','38988715447','2006-02-15 07:45:30'),(338,'431 Szkesfehrvr Avenue','','Baki',48,'57828','119501405123','2006-02-15 07:45:30'),(339,'503 Sogamoso Loop','','Sumqayit',505,'49812','834626715837','2006-02-15 07:45:30'),(340,'507 Smolensk Loop','','Sousse',492,'22971','80303246192','2006-02-15 07:45:30'),(341,'1920 Weifang Avenue','','Uttar Pradesh',427,'15643','869507847714','2006-02-15 07:45:30'),(342,'124 al-Manama Way','','Hiroshima',382,'52368','647899404952','2006-02-15 07:45:30'),(343,'1443 Mardan Street','','Western Cape',392,'31483','231383037471','2006-02-15 07:45:30'),(344,'1909 Benguela Lane','','Henan',581,'19913','624138001031','2006-02-15 07:45:30'),(345,'68 Ponce Parkway','','Hanoi',201,'85926','870635127812','2006-02-15 07:45:30'),(346,'1217 Konotop Avenue','','Gelderland',151,'504','718917251754','2006-02-15 07:45:30'),(347,'1293 Nam Dinh Way','','Roraima',84,'71583','697656479977','2006-02-15 07:45:30'),(348,'785 Vaduz Street','','Baja California',335,'36170','895616862749','2006-02-15 07:45:30'),(349,'1516 Escobar Drive','','Tongatapu',370,'46069','64536069371','2006-02-15 07:45:30'),(350,'1628 Nagareyama Lane','','Central',453,'60079','20064292617','2006-02-15 07:45:30'),(351,'1157 Nyeri Loop','','Adygea',320,'56380','262744791493','2006-02-15 07:45:30'),(352,'1673 Tangail Drive','','Daugavpils',137,'26857','627924259271','2006-02-15 07:45:30'),(353,'381 Kabul Way','','Taipei',209,'87272','55477302294','2006-02-15 07:45:30'),(354,'953 Hodeida Street','','Southern Tagalog',221,'18841','53912826864','2006-02-15 07:45:30'),(355,'469 Nakhon Sawan Street','','Tuvassia',531,'58866','689199636560','2006-02-15 07:45:30'),(356,'1378 Beira Loop','','Krasnojarsk',597,'40792','840957664136','2006-02-15 07:45:30'),(357,'1641 Changhwa Place','','Nord-Ouest',52,'37636','256546485220','2006-02-15 07:45:30'),(358,'1698 Southport Loop','','Hidalgo',393,'49009','754358349853','2006-02-15 07:45:30'),(359,'519 Nyeri Manor','','So Paulo',461,'37650','764680915323','2006-02-15 07:45:30'),(360,'619 Hunuco Avenue','','Shimane',331,'81508','142596392389','2006-02-15 07:45:30'),(361,'45 Aparecida de Goinia Place','','Madhya Pradesh',464,'7431','650496654258','2006-02-15 07:45:30'),(362,'482 Kowloon and New Kowloon Manor','','Bratislava',90,'97056','738968474939','2006-02-15 07:45:30'),(363,'604 Bern Place','','Jharkhand',429,'5373','620719383725','2006-02-15 07:45:30'),(364,'1623 Kingstown Drive','','Buenos Aires',20,'91299','296394569728','2006-02-15 07:45:30'),(365,'1009 Zanzibar Lane','','Arecibo',32,'64875','102396298916','2006-02-15 07:45:30'),(366,'114 Jalib al-Shuyukh Manor','','Centre',585,'60440','845378657301','2006-02-15 07:45:30'),(367,'1163 London Parkway','','Par',66,'6066','675120358494','2006-02-15 07:45:30'),(368,'1658 Jastrzebie-Zdrj Loop','','Central',372,'96584','568367775448','2006-02-15 07:45:30'),(369,'817 Laredo Avenue','','Jalisco',188,'77449','151249681135','2006-02-15 07:45:30'),(370,'1565 Tangail Manor','','Okinawa',377,'45750','634445428822','2006-02-15 07:45:30'),(371,'1912 Emeishan Drive','','Balikesir',50,'33050','99883471275','2006-02-15 07:45:30'),(372,'230 Urawa Drive','','Andhra Pradesh',8,'2738','166898395731','2006-02-15 07:45:30'),(373,'1922 Miraj Way','','Esfahan',356,'13203','320471479776','2006-02-15 07:45:30'),(374,'433 Florencia Street','','Chihuahua',250,'91330','561729882725','2006-02-15 07:45:30'),(375,'1049 Matamoros Parkway','','Karnataka',191,'69640','960505250340','2006-02-15 07:45:30'),(376,'1061 Ede Avenue','','Southern Tagalog',98,'57810','333390595558','2006-02-15 07:45:30'),(377,'154 Oshawa Manor','','East Java',415,'72771','440365973660','2006-02-15 07:45:30'),(378,'1191 Tandil Drive','','Southern Tagalog',523,'6362','45554316010','2006-02-15 07:45:30'),(379,'1133 Rizhao Avenue','','Pernambuco',572,'2800','600264533987','2006-02-15 07:45:30'),(380,'1519 Santiago de los Caballeros Loop','','East Kasai',348,'22025','409315295763','2006-02-15 07:45:30'),(381,'1618 Olomouc Manor','','Kurgan',285,'26385','96846695220','2006-02-15 07:45:30'),(382,'220 Hidalgo Drive','','Kermanshah',265,'45298','342720754566','2006-02-15 07:45:30'),(383,'686 Donostia-San Sebastin Lane','','Guangdong',471,'97390','71857599858','2006-02-15 07:45:30'),(384,'97 Mogiljov Lane','','Gujarat',73,'89294','924815207181','2006-02-15 07:45:30'),(385,'1642 Charlotte Amalie Drive','','Slaskie',549,'75442','821476736117','2006-02-15 07:45:30'),(386,'1368 Maracabo Boulevard','','',493,'32716','934352415130','2006-02-15 07:45:30'),(387,'401 Sucre Boulevard','','New Hampshire',322,'25007','486395999608','2006-02-15 07:45:30'),(388,'368 Hunuco Boulevard','','Namibe',360,'17165','106439158941','2006-02-15 07:45:30'),(389,'500 Lincoln Parkway','','Jiangsu',210,'95509','550306965159','2006-02-15 07:45:30'),(390,'102 Chapra Drive','','Ibaragi',521,'14073','776031833752','2006-02-15 07:45:30'),(391,'1793 Meixian Place','','Hmelnytskyi',258,'33535','619966287415','2006-02-15 07:45:30'),(392,'514 Ife Way','','Shaba',315,'69973','900235712074','2006-02-15 07:45:30'),(393,'717 Changzhou Lane','','Southern Tagalog',104,'21615','426255288071','2006-02-15 07:45:30'),(394,'753 Ilorin Avenue','','Sichuan',157,'3656','464511145118','2006-02-15 07:45:30'),(395,'1337 Mit Ghamr Avenue','','Nakhon Sawan',358,'29810','175283210378','2006-02-15 07:45:30'),(396,'767 Pyongyang Drive','','Osaka',229,'83536','667736124769','2006-02-15 07:45:30'),(397,'614 Pak Kret Street','','Addis Abeba',6,'27796','47808359842','2006-02-15 07:45:30'),(398,'954 Lapu-Lapu Way','','Moskova',278,'8816','737229003916','2006-02-15 07:45:30'),(399,'331 Bydgoszcz Parkway','','Asturia',181,'966','537374465982','2006-02-15 07:45:30'),(400,'1152 Citrus Heights Manor','','al-Qadarif',15,'5239','765957414528','2006-02-15 07:45:30'),(401,'168 Cianjur Manor','','Saitama',228,'73824','679095087143','2006-02-15 07:45:30'),(402,'616 Hagonoy Avenue','','Krasnojarsk',39,'46043','604177838256','2006-02-15 07:45:30'),(403,'1190 0 Place','','Rio Grande do Sul',44,'10417','841876514789','2006-02-15 07:45:30'),(404,'734 Bchar Place','','Punjab',375,'30586','280578750435','2006-02-15 07:45:30'),(405,'530 Lausanne Lane','','Texas',135,'11067','775235029633','2006-02-15 07:45:30'),(406,'454 Patiala Lane','','Fukushima',276,'13496','794553031307','2006-02-15 07:45:30'),(407,'1346 Mysore Drive','','Bretagne',92,'61507','516647474029','2006-02-15 07:45:30'),(408,'990 Etawah Loop','','Tamil Nadu',564,'79940','206169448769','2006-02-15 07:45:30'),(409,'1266 Laredo Parkway','','Saitama',380,'7664','1483365694','2006-02-15 07:45:30'),(410,'88 Nagaon Manor','','Buenos Aires',524,'86868','779461480495','2006-02-15 07:45:30'),(411,'264 Bhimavaram Manor','','St Thomas',111,'54749','302526949177','2006-02-15 07:45:30'),(412,'1639 Saarbrcken Drive','','North West',437,'9827','328494873422','2006-02-15 07:45:30'),(413,'692 Amroha Drive','','Northern',230,'35575','359478883004','2006-02-15 07:45:30'),(414,'1936 Lapu-Lapu Parkway','','Bauchi & Gombe',141,'7122','653436985797','2006-02-15 07:45:30'),(415,'432 Garden Grove Street','','Ontario',430,'65630','615964523510','2006-02-15 07:45:30'),(416,'1445 Carmen Parkway','','West Java',117,'70809','598912394463','2006-02-15 07:45:30'),(417,'791 Salinas Street','','Punjab',208,'40509','129953030512','2006-02-15 07:45:30'),(418,'126 Acua Parkway','','West Bengali',71,'58888','480039662421','2006-02-15 07:45:30'),(419,'397 Sunnyvale Avenue','','Guanajuato',19,'55566','680851640676','2006-02-15 07:45:30'),(420,'992 Klerksdorp Loop','','Utrecht',23,'33711','855290087237','2006-02-15 07:45:30'),(421,'966 Arecibo Loop','','Sind',134,'94018','15273765306','2006-02-15 07:45:30'),(422,'289 Santo Andr Manor','','al-Sharqiya',16,'72410','214976066017','2006-02-15 07:45:30'),(423,'437 Chungho Drive','','Puerto Plata',450,'59489','491271355190','2006-02-15 07:45:30'),(424,'1948 Bayugan Parkway','','Bihar',264,'60622','987306329957','2006-02-15 07:45:30'),(425,'1866 al-Qatif Avenue','','California',155,'89420','546793516940','2006-02-15 07:45:30'),(426,'1661 Abha Drive','','Tamil Nadu',416,'14400','270456873752','2006-02-15 07:45:30'),(427,'1557 Cape Coral Parkway','','Hubei',293,'46875','368284120423','2006-02-15 07:45:30'),(428,'1727 Matamoros Place','','Sawhaj',465,'78813','129673677866','2006-02-15 07:45:30'),(429,'1269 Botosani Manor','','Guangdong',468,'47394','736517327853','2006-02-15 07:45:30'),(430,'355 Vitria de Santo Anto Way','','Oaxaca',452,'81758','548003849552','2006-02-15 07:45:30'),(431,'1596 Acua Parkway','','Jharkhand',418,'70425','157133457169','2006-02-15 07:45:30'),(432,'259 Ipoh Drive','','So Paulo',189,'64964','419009857119','2006-02-15 07:45:30'),(433,'1823 Hoshiarpur Lane','','Komi',510,'33191','307133768620','2006-02-15 07:45:30'),(434,'1404 Taguig Drive','','Okayama',547,'87212','572068624538','2006-02-15 07:45:30'),(435,'740 Udaipur Lane','','Nizni Novgorod',150,'33505','497288595103','2006-02-15 07:45:30'),(436,'287 Cuautla Boulevard','','Chuquisaca',501,'72736','82619513349','2006-02-15 07:45:30'),(437,'1766 Almirante Brown Street','','KwaZulu-Natal',364,'63104','617567598243','2006-02-15 07:45:30'),(438,'596 Huixquilucan Place','','Nampula',351,'65892','342709348083','2006-02-15 07:45:30'),(439,'1351 Aparecida de Goinia Parkway','','Northern Mindanao',391,'41775','959834530529','2006-02-15 07:45:30'),(440,'722 Bradford Lane','','Shandong',249,'90920','746251338300','2006-02-15 07:45:30'),(441,'983 Santa F Way','','British Colombia',565,'47472','145720452260','2006-02-15 07:45:30'),(442,'1245 Ibirit Way','','La Romana',290,'40926','331888642162','2006-02-15 07:45:30'),(443,'1836 Korla Parkway','','Copperbelt',272,'55405','689681677428','2006-02-15 07:45:30'),(444,'231 Kaliningrad Place','','Lombardia',70,'57833','575081026569','2006-02-15 07:45:30'),(445,'495 Bhimavaram Lane','','Maharashtra',144,'3','82088937724','2006-02-15 07:45:30'),(446,'1924 Shimonoseki Drive','','Batna',59,'52625','406784385440','2006-02-15 07:45:30'),(447,'105 Dzerzinsk Manor','','Inner Mongolia',540,'48570','240776414296','2006-02-15 07:45:30'),(448,'614 Denizli Parkway','','Rio Grande do Sul',486,'29444','876491807547','2006-02-15 07:45:30'),(449,'1289 Belm Boulevard','','Tartumaa',530,'88306','237368926031','2006-02-15 07:45:30'),(450,'203 Tambaram Street','','Buenos Aires',161,'73942','411549550611','2006-02-15 07:45:30'),(451,'1704 Tambaram Manor','','West Bengali',554,'2834','39463554936','2006-02-15 07:45:30'),(452,'207 Cuernavaca Loop','','Tatarstan',352,'52671','782900030287','2006-02-15 07:45:30'),(453,'319 Springs Loop','','Baijeri',160,'99552','72524459905','2006-02-15 07:45:30'),(454,'956 Nam Dinh Manor','','Kerman',481,'21872','474047727727','2006-02-15 07:45:30'),(455,'1947 Paarl Way','','Central Java',509,'23636','834061016202','2006-02-15 07:45:30'),(456,'814 Simferopol Loop','','Sinaloa',154,'48745','524567129902','2006-02-15 07:45:30'),(457,'535 Ahmadnagar Manor','','Abu Dhabi',3,'41136','985109775584','2006-02-15 07:45:30'),(458,'138 Caracas Boulevard','','Zulia',326,'16790','974433019532','2006-02-15 07:45:30'),(459,'251 Florencia Drive','','Michoacn de Ocampo',556,'16119','118011831565','2006-02-15 07:45:30'),(460,'659 Gatineau Boulevard','','La Paz',153,'28587','205524798287','2006-02-15 07:45:30'),(461,'1889 Valparai Way','','Ziguinchor',600,'75559','670370974122','2006-02-15 07:45:30'),(462,'1485 Bratislava Place','','Illinois',435,'83183','924663855568','2006-02-15 07:45:30'),(463,'935 Aden Boulevard','','Central Java',532,'64709','335052544020','2006-02-15 07:45:30'),(464,'76 Kermanshah Manor','','Esfahan',423,'23343','762361821578','2006-02-15 07:45:30'),(465,'734 Tanshui Avenue','','Caquet',170,'70664','366776723320','2006-02-15 07:45:30'),(466,'118 Jaffna Loop','','Northern Mindanao',182,'10447','325526730021','2006-02-15 07:45:30'),(467,'1621 Tongliao Avenue','','Irkutsk',558,'22173','209342540247','2006-02-15 07:45:30'),(468,'1844 Usak Avenue','','Nova Scotia',196,'84461','164414772677','2006-02-15 07:45:30'),(469,'1872 Toulon Loop','','OHiggins',428,'7939','928809465153','2006-02-15 07:45:30'),(470,'1088 Ibirit Place','','Jalisco',595,'88502','49084281333','2006-02-15 07:45:30'),(471,'1322 Mosul Parkway','','Shandong',145,'95400','268053970382','2006-02-15 07:45:30'),(472,'1447 Chatsworth Place','','Chihuahua',129,'41545','769370126331','2006-02-15 07:45:30'),(473,'1257 Guadalajara Street','','Karnataka',78,'33599','195337700615','2006-02-15 07:45:30'),(474,'1469 Plock Lane','','Galicia',388,'95835','622884741180','2006-02-15 07:45:30'),(475,'434 Ourense (Orense) Manor','','Hodeida',206,'14122','562370137426','2006-02-15 07:45:30'),(476,'270 Tambaram Parkway','','Gauteng',244,'9668','248446668735','2006-02-15 07:45:30'),(477,'1786 Salinas Place','','Nam Ha',359,'66546','206060652238','2006-02-15 07:45:30'),(478,'1078 Stara Zagora Drive','','Aceh',301,'69221','932992626595','2006-02-15 07:45:30'),(479,'1854 Okara Boulevard','','Drenthe',158,'42123','131912793873','2006-02-15 07:45:30'),(480,'421 Yaound Street','','Sumy',385,'11363','726875628268','2006-02-15 07:45:30'),(481,'1153 Allende Way','','Qubec',179,'20336','856872225376','2006-02-15 07:45:30'),(482,'808 Naala-Porto Parkway','','England',500,'41060','553452430707','2006-02-15 07:45:30'),(483,'632 Usolje-Sibirskoje Parkway','','Ha Darom',36,'73085','667648979883','2006-02-15 07:45:30'),(484,'98 Pyongyang Boulevard','','Ohio',11,'88749','191958435142','2006-02-15 07:45:30'),(485,'984 Novoterkassk Loop','','Gaziantep',180,'28165','435118527255','2006-02-15 07:45:30'),(486,'64 Korla Street','','Mwanza',347,'25145','510383179153','2006-02-15 07:45:30'),(487,'1785 So Bernardo do Campo Street','','Veracruz',125,'71182','684529463244','2006-02-15 07:45:30'),(488,'698 Jelets Boulevard','','Denizli',142,'2596','975185523021','2006-02-15 07:45:30'),(489,'1297 Alvorada Parkway','','Ningxia',587,'11839','508348602835','2006-02-15 07:45:30'),(490,'1909 Dayton Avenue','','Guangdong',469,'88513','702955450528','2006-02-15 07:45:30'),(491,'1789 Saint-Denis Parkway','','Coahuila de Zaragoza',4,'8268','936806643983','2006-02-15 07:45:30'),(492,'185 Mannheim Lane','','Stavropol',408,'23661','589377568313','2006-02-15 07:45:30'),(493,'184 Mandaluyong Street','','Baja California Sur',288,'94239','488425406814','2006-02-15 07:45:30'),(494,'591 Sungai Petani Drive','','Okayama',376,'46400','37247325001','2006-02-15 07:45:30'),(495,'656 Matamoros Drive','','Boyac',487,'19489','17305839123','2006-02-15 07:45:30'),(496,'775 ostka Drive','','al-Daqahliya',337,'22358','171973024401','2006-02-15 07:45:30'),(497,'1013 Tabuk Boulevard','','West Bengali',261,'96203','158399646978','2006-02-15 07:45:30'),(498,'319 Plock Parkway','','Istanbul',504,'26101','854259976812','2006-02-15 07:45:30'),(499,'1954 Kowloon and New Kowloon Way','','Chimborazo',434,'63667','898559280434','2006-02-15 07:45:30'),(500,'362 Rajkot Lane','','Gansu',47,'98030','962020153680','2006-02-15 07:45:30'),(501,'1060 Tandil Lane','','Shandong',432,'72349','211256301880','2006-02-15 07:45:30'),(502,'1515 Korla Way','','England',589,'57197','959467760895','2006-02-15 07:45:30'),(503,'1416 San Juan Bautista Tuxtepec Avenue','','Zufar',444,'50592','144206758053','2006-02-15 07:45:30'),(504,'1 Valle de Santiago Avenue','','Apulia',93,'86208','465897838272','2006-02-15 07:45:30'),(505,'519 Brescia Parkway','','East Java',318,'69504','793996678771','2006-02-15 07:45:30'),(506,'414 Mandaluyong Street','','Lubelskie',314,'16370','52709222667','2006-02-15 07:45:30'),(507,'1197 Sokoto Boulevard','','West Bengali',478,'87687','868602816371','2006-02-15 07:45:30'),(508,'496 Celaya Drive','','Nagano',552,'90797','759586584889','2006-02-15 07:45:30'),(509,'786 Matsue Way','','Illinois',245,'37469','111177206479','2006-02-15 07:45:30'),(510,'48 Maracabo Place','','Central Luzon',519,'1570','82671830126','2006-02-15 07:45:30'),(511,'1152 al-Qatif Lane','','Kalimantan Barat',412,'44816','131370665218','2006-02-15 07:45:30'),(512,'1269 Ipoh Avenue','','Eskisehir',163,'54674','402630109080','2006-02-15 07:45:30'),(513,'758 Korolev Parkway','','Andhra Pradesh',568,'75474','441628280920','2006-02-15 07:45:30'),(514,'1747 Rustenburg Place','','Bihar',110,'51369','442673923363','2006-02-15 07:45:30'),(515,'886 Tonghae Place','','Volgograd',259,'19450','711928348157','2006-02-15 07:45:30'),(516,'1574 Goinia Boulevard','','Heilongjiang',502,'39529','59634255214','2006-02-15 07:45:30'),(517,'548 Uruapan Street','','Ontario',312,'35653','879347453467','2006-02-15 07:45:30'),(519,'962 Tama Loop','','',583,'65952','282667506728','2006-02-15 07:45:30'),(520,'1778 Gijn Manor','','Hubei',594,'35156','288910576761','2006-02-15 07:45:30'),(521,'568 Dhule (Dhulia) Loop','','Coquimbo',127,'92568','602101369463','2006-02-15 07:45:30'),(522,'1768 Udine Loop','','Battambang',60,'32347','448876499197','2006-02-15 07:45:30'),(523,'608 Birgunj Parkway','','Taipei',116,'400','627425618482','2006-02-15 07:45:30'),(524,'680 A Corua (La Corua) Manor','','Sivas',482,'49806','158326114853','2006-02-15 07:45:30'),(525,'1949 Sanya Street','','Gumma',224,'61244','132100972047','2006-02-15 07:45:30'),(526,'617 Klerksdorp Place','','Khanh Hoa',366,'94707','574973479129','2006-02-15 07:45:30'),(527,'1993 0 Loop','','Liaoning',588,'41214','25865528181','2006-02-15 07:45:30'),(528,'1176 Southend-on-Sea Manor','','Southern Tagalog',458,'81651','236679267178','2006-02-15 07:45:30'),(529,'600 Purnea (Purnia) Avenue','','Nghe An',571,'18043','638409958875','2006-02-15 07:45:30'),(530,'1003 Qinhuangdao Street','','West Java',419,'25972','35533115997','2006-02-15 07:45:30'),(531,'1986 Sivas Place','','Friuli-Venezia Giuli',551,'95775','182059202712','2006-02-15 07:45:30'),(532,'1427 Tabuk Place','','Florida',101,'31342','214756839122','2006-02-15 07:45:30'),(533,'556 Asuncin Way','','Mogiljov',339,'35364','338244023543','2006-02-15 07:45:30'),(534,'486 Ondo Parkway','','Benguela',67,'35202','105882218332','2006-02-15 07:45:30'),(535,'635 Brest Manor','','Andhra Pradesh',75,'40899','80593242951','2006-02-15 07:45:30'),(536,'166 Jinchang Street','','Buenos Aires',165,'86760','717566026669','2006-02-15 07:45:30'),(537,'958 Sagamihara Lane','','Mie',287,'88408','427274926505','2006-02-15 07:45:30'),(538,'1817 Livorno Way','','Khanh Hoa',100,'79401','478380208348','2006-02-15 07:45:30'),(539,'1332 Gaziantep Lane','','Shandong',80,'22813','383353187467','2006-02-15 07:45:30'),(540,'949 Allende Lane','','Uttar Pradesh',24,'67521','122981120653','2006-02-15 07:45:30'),(541,'195 Ilorin Street','','Chari-Baguirmi',363,'49250','8912935608','2006-02-15 07:45:30'),(542,'193 Bhusawal Place','','Kang-won',539,'9750','745267607502','2006-02-15 07:45:30'),(543,'43 Vilnius Manor','','Colorado',42,'79814','484500282381','2006-02-15 07:45:30'),(544,'183 Haiphong Street','','Jilin',46,'69953','488600270038','2006-02-15 07:45:30'),(545,'163 Augusta-Richmond County Loop','','Carabobo',561,'33030','754579047924','2006-02-15 07:45:30'),(546,'191 Jos Azueta Parkway','','Ruse',436,'13629','932156667696','2006-02-15 07:45:30'),(547,'379 Lublin Parkway','','Toscana',309,'74568','921960450089','2006-02-15 07:45:30'),(548,'1658 Cuman Loop','','Sumatera Selatan',396,'51309','784907335610','2006-02-15 07:45:30'),(549,'454 Qinhuangdao Drive','','Tadla-Azilal',68,'25866','786270036240','2006-02-15 07:45:30'),(550,'1715 Okayama Street','','So Paulo',485,'55676','169352919175','2006-02-15 07:45:30'),(551,'182 Nukualofa Drive','','Sumy',275,'15414','426346224043','2006-02-15 07:45:30'),(552,'390 Wroclaw Way','','Hainan',462,'5753','357593328658','2006-02-15 07:45:30'),(553,'1421 Quilmes Lane','','Ishikawa',260,'19151','135407755975','2006-02-15 07:45:30'),(554,'947 Trshavn Place','','Central Luzon',528,'841','50898428626','2006-02-15 07:45:30'),(555,'1764 Jalib al-Shuyukh Parkway','','Galicia',459,'77642','84794532510','2006-02-15 07:45:30'),(556,'346 Cam Ranh Avenue','','Zhejiang',599,'39976','978430786151','2006-02-15 07:45:30'),(557,'1407 Pachuca de Soto Place','','Rio Grande do Sul',21,'26284','380077794770','2006-02-15 07:45:30'),(558,'904 Clarksville Drive','','Zhejiang',193,'52234','955349440539','2006-02-15 07:45:30'),(559,'1917 Kumbakonam Parkway','','Vojvodina',368,'11892','698182547686','2006-02-15 07:45:30'),(560,'1447 Imus Place','','Gujarat',426,'12905','62127829280','2006-02-15 07:45:30'),(561,'1497 Fengshan Drive','','KwaZulu-Natal',112,'63022','368738360376','2006-02-15 07:45:30'),(562,'869 Shikarpur Way','','England',496,'57380','590764256785','2006-02-15 07:45:30'),(563,'1059 Yuncheng Avenue','','Vilna',570,'47498','107092893983','2006-02-15 07:45:30'),(564,'505 Madiun Boulevard','','Dolnoslaskie',577,'97271','970638808606','2006-02-15 07:45:30'),(565,'1741 Hoshiarpur Boulevard','','al-Sharqiya',79,'22372','855066328617','2006-02-15 07:45:30'),(566,'1229 Varanasi (Benares) Manor','','Buenos Aires',43,'40195','817740355461','2006-02-15 07:45:30'),(567,'1894 Boa Vista Way','','Texas',178,'77464','239357986667','2006-02-15 07:45:30'),(568,'1342 Sharja Way','','Sokoto & Kebbi & Zam',488,'93655','946114054231','2006-02-15 07:45:30'),(569,'1342 Abha Boulevard','','Bukarest',95,'10714','997453607116','2006-02-15 07:45:30'),(570,'415 Pune Avenue','','Shandong',580,'44274','203202500108','2006-02-15 07:45:30'),(571,'1746 Faaa Way','','Huanuco',214,'32515','863080561151','2006-02-15 07:45:30'),(572,'539 Hami Way','','Tokat',538,'52196','525518075499','2006-02-15 07:45:30'),(573,'1407 Surakarta Manor','','Moskova',466,'33224','324346485054','2006-02-15 07:45:30'),(574,'502 Mandi Bahauddin Parkway','','Anzotegui',55,'15992','618156722572','2006-02-15 07:45:30'),(575,'1052 Pathankot Avenue','','Sichuan',299,'77397','128499386727','2006-02-15 07:45:30'),(576,'1351 Sousse Lane','','Coahuila de Zaragoza',341,'37815','203804046132','2006-02-15 07:45:30'),(577,'1501 Pangkal Pinang Avenue','','Mazowieckie',409,'943','770864062795','2006-02-15 07:45:30'),(578,'1405 Hagonoy Avenue','','Slaskie',133,'86587','867287719310','2006-02-15 07:45:30'),(579,'521 San Juan Bautista Tuxtepec Place','','Qaraghandy',598,'95093','844018348565','2006-02-15 07:45:30'),(580,'923 Tangail Boulevard','','Tokyo-to',10,'33384','315528269898','2006-02-15 07:45:30'),(581,'186 Skikda Lane','','Morelos',131,'89422','14465669789','2006-02-15 07:45:30'),(582,'1568 Celaya Parkway','','Kaohsiung',168,'34750','278669994384','2006-02-15 07:45:30'),(583,'1489 Kakamigahara Lane','','Taipei',526,'98883','29341849811','2006-02-15 07:45:30'),(584,'1819 Alessandria Loop','','Campeche',103,'53829','377633994405','2006-02-15 07:45:30'),(585,'1208 Tama Loop','','Ninawa',344,'73605','954786054144','2006-02-15 07:45:30'),(586,'951 Springs Lane','','Central Mindanao',219,'96115','165164761435','2006-02-15 07:45:30'),(587,'760 Miyakonojo Drive','','Guerrero',246,'64682','294449058179','2006-02-15 07:45:30'),(588,'966 Asuncin Way','','Hidalgo',212,'62703','995527378381','2006-02-15 07:45:30'),(589,'1584 Ljubertsy Lane','','England',494,'22954','285710089439','2006-02-15 07:45:30'),(590,'247 Jining Parkway','','Banjul',54,'53446','170115379190','2006-02-15 07:45:30'),(591,'773 Dallas Manor','','Buenos Aires',424,'12664','914466027044','2006-02-15 07:45:30'),(592,'1923 Stara Zagora Lane','','Nantou',546,'95179','182178609211','2006-02-15 07:45:30'),(593,'1402 Zanzibar Boulevard','','Guanajuato',106,'71102','387448063440','2006-02-15 07:45:30'),(594,'1464 Kursk Parkway','','Shandong',574,'17381','338758048786','2006-02-15 07:45:30'),(595,'1074 Sanaa Parkway','','Loja',311,'22474','154124128457','2006-02-15 07:45:30'),(596,'1759 Niznekamsk Avenue','','al-Manama',14,'39414','864392582257','2006-02-15 07:45:30'),(597,'32 Liaocheng Way','','Minas Gerais',248,'1944','410877354933','2006-02-15 07:45:30'),(598,'42 Fontana Avenue','','Fejr',512,'14684','437829801725','2006-02-15 07:45:30'),(599,'1895 Zhezqazghan Drive','','California',177,'36693','137809746111','2006-02-15 07:45:30'),(600,'1837 Kaduna Parkway','','Inner Mongolia',241,'82580','640843562301','2006-02-15 07:45:30'),(601,'844 Bucuresti Place','','Liaoning',242,'36603','935952366111','2006-02-15 07:45:30'),(602,'1101 Bucuresti Boulevard','','West Greece',401,'97661','199514580428','2006-02-15 07:45:30'),(603,'1103 Quilmes Boulevard','','Piura',503,'52137','644021380889','2006-02-15 07:45:30'),(604,'1331 Usak Boulevard','','Vaud',296,'61960','145308717464','2006-02-15 07:45:30'),(605,'1325 Fukuyama Street','','Heilongjiang',537,'27107','288241215394','2006-02-15 07:45:30');

--
-- Table structure for table  category 
--

DROP TABLE IF EXISTS category;
CREATE TABLE category (
  category_id int unsigned NOT NULL AUTO_INCREMENT,
  name varchar(25) NOT NULL,
  last_update timestamp NOT NULL DEFAULT CURRENT_TIMESTAMP ON UPDATE CURRENT_TIMESTAMP,
  PRIMARY KEY (category_id)
);

--
-- Dumping data for table  category 
--
INSERT INTO category VALUES (1,'Action','2006-02-15 07:46:27'),(2,'Animation','2006-02-15 07:46:27'),(3,'Children','2006-02-15 07:46:27'),(4,'Classics','2006-02-15 07:46:27'),(5,'Comedy','2006-02-15 07:46:27'),(6,'Documentary','2006-02-15 07:46:27'),(7,'Drama','2006-02-15 07:46:27'),(8,'Family','2006-02-15 07:46:27'),(9,'Foreign','2006-02-15 07:46:27'),(10,'Games','2006-02-15 07:46:27'),(11,'Horror','2006-02-15 07:46:27'),(12,'Music','2006-02-15 07:46:27'),(13,'New','2006-02-15 07:46:27'),(14,'Sci-Fi','2006-02-15 07:46:27'),(15,'Sports','2006-02-15 07:46:27'),(16,'Travel','2006-02-15 07:46:27');

--
-- Table structure for table staff
--
DROP TABLE IF EXISTS staff;
CREATE TABLE staff (
  staff_id int unsigned NOT NULL AUTO_INCREMENT,
  first_name varchar(45) NOT NULL,
  last_name varchar(45) NOT NULL,
  address_id int unsigned NOT NULL,
  email varchar(50) DEFAULT NULL,
  store_id int unsigned NOT NULL,
  active int NOT NULL DEFAULT '1',
  username varchar(16) NOT NULL,
  password varchar(40) DEFAULT NULL,
  last_update timestamp NOT NULL DEFAULT CURRENT_TIMESTAMP ON UPDATE CURRENT_TIMESTAMP,
  PRIMARY KEY (staff_id),
  KEY idx_fk_store_id (store_id),
  KEY idx_fk_address_id (address_id),
  CONSTRAINT fk_staff_address FOREIGN KEY (address_id) REFERENCES address (address_id) ON UPDATE CASCADE 
  -- ,
 -- CONSTRAINT fk_staff_store FOREIGN KEY (store_id) REFERENCES store (store_id) ON UPDATE CASCADE
);

--
-- Dumping data for table  staff 
--
INSERT INTO staff VALUES (1,'Mike','Hillyer',3,'Mike.Hillyer@sakilastaff.com',1,1,'Mike','8cb','2006-02-15 07:57:16'),
(2,'Jon','Stephens',4,'Jon.Stephens@sakilastaff.com',2,1,'Jon','8cb22','2006-02-15 07:57:16');

--
-- Table structure for table  store 
--
DROP TABLE IF EXISTS store;
CREATE TABLE store (
  store_id int unsigned NOT NULL AUTO_INCREMENT,
  manager_staff_id int unsigned NOT NULL,
  address_id int unsigned NOT NULL,
  last_update timestamp NOT NULL DEFAULT CURRENT_TIMESTAMP ON UPDATE CURRENT_TIMESTAMP,
  PRIMARY KEY (store_id),
  UNIQUE KEY idx_unique_manager(manager_staff_id),
  KEY idx_fk_address_id (address_id),
  CONSTRAINT fk_store_address FOREIGN KEY (address_id) REFERENCES address (address_id) ON UPDATE CASCADE,
  CONSTRAINT fk_store_staff FOREIGN KEY (manager_staff_id) REFERENCES staff (staff_id) ON UPDATE CASCADE
);

--
-- Dumping data for table  store 
--
INSERT INTO store VALUES (1,1,1,'2006-02-15 07:57:12'),(2,2,2,'2006-02-15 07:57:12');

--
-- Table structure for table  customer 
--
DROP TABLE IF EXISTS customer;
CREATE TABLE customer(
  customer_id int unsigned NOT NULL AUTO_INCREMENT,
  store_id int unsigned NOT NULL,
  first_name varchar(45) NOT NULL,
  last_name varchar(45) NOT NULL,
  email varchar(50) DEFAULT NULL,
  address_id int unsigned NOT NULL,
  active int NOT NULL DEFAULT '1',
  create_date datetime NOT NULL,
  last_update timestamp NOT NULL DEFAULT CURRENT_TIMESTAMP ON UPDATE CURRENT_TIMESTAMP,
  PRIMARY KEY (customer_id),
  KEY idx_fk_store_id (store_id),
  KEY idx_fk_address_id (address_id),
  KEY idx_last_name (last_name),
  CONSTRAINT fk_customer_address FOREIGN KEY (address_id) REFERENCES address (address_id) ON UPDATE CASCADE,
  CONSTRAINT fk_customer_store FOREIGN KEY (store_id) REFERENCES  store  (store_id) ON UPDATE CASCADE
);

--
-- Dumping data for table  customer 
--
INSERT INTO customer VALUES (1,1,'MARY','SMITH','MARY.SMITH@sakilacustomer.org',5,1,'2006-02-14 22:04:36','2006-02-15 07:57:20'),(2,1,'PATRICIA','JOHNSON','PATRICIA.JOHNSON@sakilacustomer.org',6,1,'2006-02-14 22:04:36','2006-02-15 07:57:20'),(3,1,'LINDA','WILLIAMS','LINDA.WILLIAMS@sakilacustomer.org',7,1,'2006-02-14 22:04:36','2006-02-15 07:57:20'),(4,2,'BARBARA','JONES','BARBARA.JONES@sakilacustomer.org',8,1,'2006-02-14 22:04:36','2006-02-15 07:57:20'),(5,1,'ELIZABETH','BROWN','ELIZABETH.BROWN@sakilacustomer.org',9,1,'2006-02-14 22:04:36','2006-02-15 07:57:20'),(6,2,'JENNIFER','DAVIS','JENNIFER.DAVIS@sakilacustomer.org',10,1,'2006-02-14 22:04:36','2006-02-15 07:57:20'),(7,1,'MARIA','MILLER','MARIA.MILLER@sakilacustomer.org',11,1,'2006-02-14 22:04:36','2006-02-15 07:57:20'),(8,2,'SUSAN','WILSON','SUSAN.WILSON@sakilacustomer.org',12,1,'2006-02-14 22:04:36','2006-02-15 07:57:20'),(9,2,'MARGARET','MOORE','MARGARET.MOORE@sakilacustomer.org',13,1,'2006-02-14 22:04:36','2006-02-15 07:57:20'),(10,1,'DOROTHY','TAYLOR','DOROTHY.TAYLOR@sakilacustomer.org',14,1,'2006-02-14 22:04:36','2006-02-15 07:57:20'),(11,2,'LISA','ANDERSON','LISA.ANDERSON@sakilacustomer.org',15,1,'2006-02-14 22:04:36','2006-02-15 07:57:20'),(12,1,'NANCY','THOMAS','NANCY.THOMAS@sakilacustomer.org',16,1,'2006-02-14 22:04:36','2006-02-15 07:57:20'),(13,2,'KAREN','JACKSON','KAREN.JACKSON@sakilacustomer.org',17,1,'2006-02-14 22:04:36','2006-02-15 07:57:20'),(14,2,'BETTY','WHITE','BETTY.WHITE@sakilacustomer.org',18,1,'2006-02-14 22:04:36','2006-02-15 07:57:20'),(15,1,'HELEN','HARRIS','HELEN.HARRIS@sakilacustomer.org',19,1,'2006-02-14 22:04:36','2006-02-15 07:57:20'),(16,2,'SANDRA','MARTIN','SANDRA.MARTIN@sakilacustomer.org',20,0,'2006-02-14 22:04:36','2006-02-15 07:57:20'),(17,1,'DONNA','THOMPSON','DONNA.THOMPSON@sakilacustomer.org',21,1,'2006-02-14 22:04:36','2006-02-15 07:57:20'),(18,2,'CAROL','GARCIA','CAROL.GARCIA@sakilacustomer.org',22,1,'2006-02-14 22:04:36','2006-02-15 07:57:20'),(19,1,'RUTH','MARTINEZ','RUTH.MARTINEZ@sakilacustomer.org',23,1,'2006-02-14 22:04:36','2006-02-15 07:57:20'),(20,2,'SHARON','ROBINSON','SHARON.ROBINSON@sakilacustomer.org',24,1,'2006-02-14 22:04:36','2006-02-15 07:57:20'),(21,1,'MICHELLE','CLARK','MICHELLE.CLARK@sakilacustomer.org',25,1,'2006-02-14 22:04:36','2006-02-15 07:57:20'),(22,1,'LAURA','RODRIGUEZ','LAURA.RODRIGUEZ@sakilacustomer.org',26,1,'2006-02-14 22:04:36','2006-02-15 07:57:20'),(23,2,'SARAH','LEWIS','SARAH.LEWIS@sakilacustomer.org',27,1,'2006-02-14 22:04:36','2006-02-15 07:57:20'),(24,2,'KIMBERLY','LEE','KIMBERLY.LEE@sakilacustomer.org',28,1,'2006-02-14 22:04:36','2006-02-15 07:57:20'),(25,1,'DEBORAH','WALKER','DEBORAH.WALKER@sakilacustomer.org',29,1,'2006-02-14 22:04:36','2006-02-15 07:57:20'),(26,2,'JESSICA','HALL','JESSICA.HALL@sakilacustomer.org',30,1,'2006-02-14 22:04:36','2006-02-15 07:57:20'),(27,2,'SHIRLEY','ALLEN','SHIRLEY.ALLEN@sakilacustomer.org',31,1,'2006-02-14 22:04:36','2006-02-15 07:57:20'),(28,1,'CYNTHIA','YOUNG','CYNTHIA.YOUNG@sakilacustomer.org',32,1,'2006-02-14 22:04:36','2006-02-15 07:57:20'),(29,2,'ANGELA','HERNANDEZ','ANGELA.HERNANDEZ@sakilacustomer.org',33,1,'2006-02-14 22:04:36','2006-02-15 07:57:20'),(30,1,'MELISSA','KING','MELISSA.KING@sakilacustomer.org',34,1,'2006-02-14 22:04:36','2006-02-15 07:57:20'),(31,2,'BRENDA','WRIGHT','BRENDA.WRIGHT@sakilacustomer.org',35,1,'2006-02-14 22:04:36','2006-02-15 07:57:20'),(32,1,'AMY','LOPEZ','AMY.LOPEZ@sakilacustomer.org',36,1,'2006-02-14 22:04:36','2006-02-15 07:57:20'),(33,2,'ANNA','HILL','ANNA.HILL@sakilacustomer.org',37,1,'2006-02-14 22:04:36','2006-02-15 07:57:20'),(34,2,'REBECCA','SCOTT','REBECCA.SCOTT@sakilacustomer.org',38,1,'2006-02-14 22:04:36','2006-02-15 07:57:20'),(35,2,'VIRGINIA','GREEN','VIRGINIA.GREEN@sakilacustomer.org',39,1,'2006-02-14 22:04:36','2006-02-15 07:57:20'),(36,2,'KATHLEEN','ADAMS','KATHLEEN.ADAMS@sakilacustomer.org',40,1,'2006-02-14 22:04:36','2006-02-15 07:57:20'),(37,1,'PAMELA','BAKER','PAMELA.BAKER@sakilacustomer.org',41,1,'2006-02-14 22:04:36','2006-02-15 07:57:20'),(38,1,'MARTHA','GONZALEZ','MARTHA.GONZALEZ@sakilacustomer.org',42,1,'2006-02-14 22:04:36','2006-02-15 07:57:20'),(39,1,'DEBRA','NELSON','DEBRA.NELSON@sakilacustomer.org',43,1,'2006-02-14 22:04:36','2006-02-15 07:57:20'),(40,2,'AMANDA','CARTER','AMANDA.CARTER@sakilacustomer.org',44,1,'2006-02-14 22:04:36','2006-02-15 07:57:20'),(41,1,'STEPHANIE','MITCHELL','STEPHANIE.MITCHELL@sakilacustomer.org',45,1,'2006-02-14 22:04:36','2006-02-15 07:57:20'),(42,2,'CAROLYN','PEREZ','CAROLYN.PEREZ@sakilacustomer.org',46,1,'2006-02-14 22:04:36','2006-02-15 07:57:20'),(43,2,'CHRISTINE','ROBERTS','CHRISTINE.ROBERTS@sakilacustomer.org',47,1,'2006-02-14 22:04:36','2006-02-15 07:57:20'),(44,1,'MARIE','TURNER','MARIE.TURNER@sakilacustomer.org',48,1,'2006-02-14 22:04:36','2006-02-15 07:57:20'),(45,1,'JANET','PHILLIPS','JANET.PHILLIPS@sakilacustomer.org',49,1,'2006-02-14 22:04:36','2006-02-15 07:57:20'),(46,2,'CATHERINE','CAMPBELL','CATHERINE.CAMPBELL@sakilacustomer.org',50,1,'2006-02-14 22:04:36','2006-02-15 07:57:20'),(47,1,'FRANCES','PARKER','FRANCES.PARKER@sakilacustomer.org',51,1,'2006-02-14 22:04:36','2006-02-15 07:57:20'),(48,1,'ANN','EVANS','ANN.EVANS@sakilacustomer.org',52,1,'2006-02-14 22:04:36','2006-02-15 07:57:20'),(49,2,'JOYCE','EDWARDS','JOYCE.EDWARDS@sakilacustomer.org',53,1,'2006-02-14 22:04:36','2006-02-15 07:57:20'),(50,1,'DIANE','COLLINS','DIANE.COLLINS@sakilacustomer.org',54,1,'2006-02-14 22:04:36','2006-02-15 07:57:20'),(51,1,'ALICE','STEWART','ALICE.STEWART@sakilacustomer.org',55,1,'2006-02-14 22:04:36','2006-02-15 07:57:20'),(52,1,'JULIE','SANCHEZ','JULIE.SANCHEZ@sakilacustomer.org',56,1,'2006-02-14 22:04:36','2006-02-15 07:57:20'),(53,1,'HEATHER','MORRIS','HEATHER.MORRIS@sakilacustomer.org',57,1,'2006-02-14 22:04:36','2006-02-15 07:57:20'),(54,1,'TERESA','ROGERS','TERESA.ROGERS@sakilacustomer.org',58,1,'2006-02-14 22:04:36','2006-02-15 07:57:20'),(55,2,'DORIS','REED','DORIS.REED@sakilacustomer.org',59,1,'2006-02-14 22:04:36','2006-02-15 07:57:20'),(56,1,'GLORIA','COOK','GLORIA.COOK@sakilacustomer.org',60,1,'2006-02-14 22:04:36','2006-02-15 07:57:20'),(57,2,'EVELYN','MORGAN','EVELYN.MORGAN@sakilacustomer.org',61,1,'2006-02-14 22:04:36','2006-02-15 07:57:20'),(58,1,'JEAN','BELL','JEAN.BELL@sakilacustomer.org',62,1,'2006-02-14 22:04:36','2006-02-15 07:57:20'),(59,1,'CHERYL','MURPHY','CHERYL.MURPHY@sakilacustomer.org',63,1,'2006-02-14 22:04:36','2006-02-15 07:57:20'),(60,1,'MILDRED','BAILEY','MILDRED.BAILEY@sakilacustomer.org',64,1,'2006-02-14 22:04:36','2006-02-15 07:57:20'),(61,2,'KATHERINE','RIVERA','KATHERINE.RIVERA@sakilacustomer.org',65,1,'2006-02-14 22:04:36','2006-02-15 07:57:20'),(62,1,'JOAN','COOPER','JOAN.COOPER@sakilacustomer.org',66,1,'2006-02-14 22:04:36','2006-02-15 07:57:20'),(63,1,'ASHLEY','RICHARDSON','ASHLEY.RICHARDSON@sakilacustomer.org',67,1,'2006-02-14 22:04:36','2006-02-15 07:57:20'),(64,2,'JUDITH','COX','JUDITH.COX@sakilacustomer.org',68,0,'2006-02-14 22:04:36','2006-02-15 07:57:20'),(65,2,'ROSE','HOWARD','ROSE.HOWARD@sakilacustomer.org',69,1,'2006-02-14 22:04:36','2006-02-15 07:57:20'),(66,2,'JANICE','WARD','JANICE.WARD@sakilacustomer.org',70,1,'2006-02-14 22:04:36','2006-02-15 07:57:20'),(67,1,'KELLY','TORRES','KELLY.TORRES@sakilacustomer.org',71,1,'2006-02-14 22:04:36','2006-02-15 07:57:20'),(68,1,'NICOLE','PETERSON','NICOLE.PETERSON@sakilacustomer.org',72,1,'2006-02-14 22:04:36','2006-02-15 07:57:20'),(69,2,'JUDY','GRAY','JUDY.GRAY@sakilacustomer.org',73,1,'2006-02-14 22:04:36','2006-02-15 07:57:20'),(70,2,'CHRISTINA','RAMIREZ','CHRISTINA.RAMIREZ@sakilacustomer.org',74,1,'2006-02-14 22:04:36','2006-02-15 07:57:20'),(71,1,'KATHY','JAMES','KATHY.JAMES@sakilacustomer.org',75,1,'2006-02-14 22:04:36','2006-02-15 07:57:20'),(72,2,'THERESA','WATSON','THERESA.WATSON@sakilacustomer.org',76,1,'2006-02-14 22:04:36','2006-02-15 07:57:20'),(73,2,'BEVERLY','BROOKS','BEVERLY.BROOKS@sakilacustomer.org',77,1,'2006-02-14 22:04:36','2006-02-15 07:57:20'),(74,1,'DENISE','KELLY','DENISE.KELLY@sakilacustomer.org',78,1,'2006-02-14 22:04:36','2006-02-15 07:57:20'),(75,2,'TAMMY','SANDERS','TAMMY.SANDERS@sakilacustomer.org',79,1,'2006-02-14 22:04:36','2006-02-15 07:57:20'),(76,2,'IRENE','PRICE','IRENE.PRICE@sakilacustomer.org',80,1,'2006-02-14 22:04:36','2006-02-15 07:57:20'),(77,2,'JANE','BENNETT','JANE.BENNETT@sakilacustomer.org',81,1,'2006-02-14 22:04:36','2006-02-15 07:57:20'),(78,1,'LORI','WOOD','LORI.WOOD@sakilacustomer.org',82,1,'2006-02-14 22:04:36','2006-02-15 07:57:20'),(79,1,'RACHEL','BARNES','RACHEL.BARNES@sakilacustomer.org',83,1,'2006-02-14 22:04:36','2006-02-15 07:57:20'),(80,1,'MARILYN','ROSS','MARILYN.ROSS@sakilacustomer.org',84,1,'2006-02-14 22:04:36','2006-02-15 07:57:20'),(81,1,'ANDREA','HENDERSON','ANDREA.HENDERSON@sakilacustomer.org',85,1,'2006-02-14 22:04:36','2006-02-15 07:57:20'),(82,1,'KATHRYN','COLEMAN','KATHRYN.COLEMAN@sakilacustomer.org',86,1,'2006-02-14 22:04:36','2006-02-15 07:57:20'),(83,1,'LOUISE','JENKINS','LOUISE.JENKINS@sakilacustomer.org',87,1,'2006-02-14 22:04:36','2006-02-15 07:57:20'),(84,2,'SARA','PERRY','SARA.PERRY@sakilacustomer.org',88,1,'2006-02-14 22:04:36','2006-02-15 07:57:20'),(85,2,'ANNE','POWELL','ANNE.POWELL@sakilacustomer.org',89,1,'2006-02-14 22:04:36','2006-02-15 07:57:20'),(86,2,'JACQUELINE','LONG','JACQUELINE.LONG@sakilacustomer.org',90,1,'2006-02-14 22:04:36','2006-02-15 07:57:20'),(87,1,'WANDA','PATTERSON','WANDA.PATTERSON@sakilacustomer.org',91,1,'2006-02-14 22:04:36','2006-02-15 07:57:20'),(88,2,'BONNIE','HUGHES','BONNIE.HUGHES@sakilacustomer.org',92,1,'2006-02-14 22:04:36','2006-02-15 07:57:20'),(89,1,'JULIA','FLORES','JULIA.FLORES@sakilacustomer.org',93,1,'2006-02-14 22:04:36','2006-02-15 07:57:20'),(90,2,'RUBY','WASHINGTON','RUBY.WASHINGTON@sakilacustomer.org',94,1,'2006-02-14 22:04:36','2006-02-15 07:57:20'),(91,2,'LOIS','BUTLER','LOIS.BUTLER@sakilacustomer.org',95,1,'2006-02-14 22:04:36','2006-02-15 07:57:20'),(92,2,'TINA','SIMMONS','TINA.SIMMONS@sakilacustomer.org',96,1,'2006-02-14 22:04:36','2006-02-15 07:57:20'),(93,1,'PHYLLIS','FOSTER','PHYLLIS.FOSTER@sakilacustomer.org',97,1,'2006-02-14 22:04:36','2006-02-15 07:57:20'),(94,1,'NORMA','GONZALES','NORMA.GONZALES@sakilacustomer.org',98,1,'2006-02-14 22:04:36','2006-02-15 07:57:20'),(95,2,'PAULA','BRYANT','PAULA.BRYANT@sakilacustomer.org',99,1,'2006-02-14 22:04:36','2006-02-15 07:57:20'),(96,1,'DIANA','ALEXANDER','DIANA.ALEXANDER@sakilacustomer.org',100,1,'2006-02-14 22:04:36','2006-02-15 07:57:20'),(97,2,'ANNIE','RUSSELL','ANNIE.RUSSELL@sakilacustomer.org',101,1,'2006-02-14 22:04:36','2006-02-15 07:57:20'),(98,1,'LILLIAN','GRIFFIN','LILLIAN.GRIFFIN@sakilacustomer.org',102,1,'2006-02-14 22:04:36','2006-02-15 07:57:20'),(99,2,'EMILY','DIAZ','EMILY.DIAZ@sakilacustomer.org',103,1,'2006-02-14 22:04:36','2006-02-15 07:57:20'),(100,1,'ROBIN','HAYES','ROBIN.HAYES@sakilacustomer.org',104,1,'2006-02-14 22:04:36','2006-02-15 07:57:20'),(101,1,'PEGGY','MYERS','PEGGY.MYERS@sakilacustomer.org',105,1,'2006-02-14 22:04:36','2006-02-15 07:57:20'),(102,1,'CRYSTAL','FORD','CRYSTAL.FORD@sakilacustomer.org',106,1,'2006-02-14 22:04:36','2006-02-15 07:57:20'),(103,1,'GLADYS','HAMILTON','GLADYS.HAMILTON@sakilacustomer.org',107,1,'2006-02-14 22:04:36','2006-02-15 07:57:20'),(104,1,'RITA','GRAHAM','RITA.GRAHAM@sakilacustomer.org',108,1,'2006-02-14 22:04:36','2006-02-15 07:57:20'),(105,1,'DAWN','SULLIVAN','DAWN.SULLIVAN@sakilacustomer.org',109,1,'2006-02-14 22:04:36','2006-02-15 07:57:20'),(106,1,'CONNIE','WALLACE','CONNIE.WALLACE@sakilacustomer.org',110,1,'2006-02-14 22:04:36','2006-02-15 07:57:20'),(107,1,'FLORENCE','WOODS','FLORENCE.WOODS@sakilacustomer.org',111,1,'2006-02-14 22:04:36','2006-02-15 07:57:20'),(108,1,'TRACY','COLE','TRACY.COLE@sakilacustomer.org',112,1,'2006-02-14 22:04:36','2006-02-15 07:57:20'),(109,2,'EDNA','WEST','EDNA.WEST@sakilacustomer.org',113,1,'2006-02-14 22:04:36','2006-02-15 07:57:20'),(110,2,'TIFFANY','JORDAN','TIFFANY.JORDAN@sakilacustomer.org',114,1,'2006-02-14 22:04:36','2006-02-15 07:57:20'),(111,1,'CARMEN','OWENS','CARMEN.OWENS@sakilacustomer.org',115,1,'2006-02-14 22:04:36','2006-02-15 07:57:20'),(112,2,'ROSA','REYNOLDS','ROSA.REYNOLDS@sakilacustomer.org',116,1,'2006-02-14 22:04:36','2006-02-15 07:57:20'),(113,2,'CINDY','FISHER','CINDY.FISHER@sakilacustomer.org',117,1,'2006-02-14 22:04:36','2006-02-15 07:57:20'),(114,2,'GRACE','ELLIS','GRACE.ELLIS@sakilacustomer.org',118,1,'2006-02-14 22:04:36','2006-02-15 07:57:20'),(115,1,'WENDY','HARRISON','WENDY.HARRISON@sakilacustomer.org',119,1,'2006-02-14 22:04:36','2006-02-15 07:57:20'),(116,1,'VICTORIA','GIBSON','VICTORIA.GIBSON@sakilacustomer.org',120,1,'2006-02-14 22:04:36','2006-02-15 07:57:20'),(117,1,'EDITH','MCDONALD','EDITH.MCDONALD@sakilacustomer.org',121,1,'2006-02-14 22:04:36','2006-02-15 07:57:20'),(118,1,'KIM','CRUZ','KIM.CRUZ@sakilacustomer.org',122,1,'2006-02-14 22:04:36','2006-02-15 07:57:20'),(119,1,'SHERRY','MARSHALL','SHERRY.MARSHALL@sakilacustomer.org',123,1,'2006-02-14 22:04:36','2006-02-15 07:57:20'),(120,2,'SYLVIA','ORTIZ','SYLVIA.ORTIZ@sakilacustomer.org',124,1,'2006-02-14 22:04:36','2006-02-15 07:57:20'),(121,1,'JOSEPHINE','GOMEZ','JOSEPHINE.GOMEZ@sakilacustomer.org',125,1,'2006-02-14 22:04:36','2006-02-15 07:57:20'),(122,1,'THELMA','MURRAY','THELMA.MURRAY@sakilacustomer.org',126,1,'2006-02-14 22:04:36','2006-02-15 07:57:20'),(123,2,'SHANNON','FREEMAN','SHANNON.FREEMAN@sakilacustomer.org',127,1,'2006-02-14 22:04:36','2006-02-15 07:57:20'),(124,1,'SHEILA','WELLS','SHEILA.WELLS@sakilacustomer.org',128,0,'2006-02-14 22:04:36','2006-02-15 07:57:20'),(125,1,'ETHEL','WEBB','ETHEL.WEBB@sakilacustomer.org',129,1,'2006-02-14 22:04:36','2006-02-15 07:57:20'),(126,1,'ELLEN','SIMPSON','ELLEN.SIMPSON@sakilacustomer.org',130,1,'2006-02-14 22:04:36','2006-02-15 07:57:20'),(127,2,'ELAINE','STEVENS','ELAINE.STEVENS@sakilacustomer.org',131,1,'2006-02-14 22:04:36','2006-02-15 07:57:20'),(128,1,'MARJORIE','TUCKER','MARJORIE.TUCKER@sakilacustomer.org',132,1,'2006-02-14 22:04:36','2006-02-15 07:57:20'),(129,1,'CARRIE','PORTER','CARRIE.PORTER@sakilacustomer.org',133,1,'2006-02-14 22:04:36','2006-02-15 07:57:20'),(130,1,'CHARLOTTE','HUNTER','CHARLOTTE.HUNTER@sakilacustomer.org',134,1,'2006-02-14 22:04:36','2006-02-15 07:57:20'),(131,2,'MONICA','HICKS','MONICA.HICKS@sakilacustomer.org',135,1,'2006-02-14 22:04:36','2006-02-15 07:57:20'),(132,2,'ESTHER','CRAWFORD','ESTHER.CRAWFORD@sakilacustomer.org',136,1,'2006-02-14 22:04:36','2006-02-15 07:57:20'),(133,1,'PAULINE','HENRY','PAULINE.HENRY@sakilacustomer.org',137,1,'2006-02-14 22:04:36','2006-02-15 07:57:20'),(134,1,'EMMA','BOYD','EMMA.BOYD@sakilacustomer.org',138,1,'2006-02-14 22:04:36','2006-02-15 07:57:20'),(135,2,'JUANITA','MASON','JUANITA.MASON@sakilacustomer.org',139,1,'2006-02-14 22:04:36','2006-02-15 07:57:20'),(136,2,'ANITA','MORALES','ANITA.MORALES@sakilacustomer.org',140,1,'2006-02-14 22:04:36','2006-02-15 07:57:20'),(137,2,'RHONDA','KENNEDY','RHONDA.KENNEDY@sakilacustomer.org',141,1,'2006-02-14 22:04:36','2006-02-15 07:57:20'),(138,1,'HAZEL','WARREN','HAZEL.WARREN@sakilacustomer.org',142,1,'2006-02-14 22:04:36','2006-02-15 07:57:20'),(139,1,'AMBER','DIXON','AMBER.DIXON@sakilacustomer.org',143,1,'2006-02-14 22:04:36','2006-02-15 07:57:20'),(140,1,'EVA','RAMOS','EVA.RAMOS@sakilacustomer.org',144,1,'2006-02-14 22:04:36','2006-02-15 07:57:20'),(141,1,'DEBBIE','REYES','DEBBIE.REYES@sakilacustomer.org',145,1,'2006-02-14 22:04:36','2006-02-15 07:57:20'),(142,1,'APRIL','BURNS','APRIL.BURNS@sakilacustomer.org',146,1,'2006-02-14 22:04:36','2006-02-15 07:57:20'),(143,1,'LESLIE','GORDON','LESLIE.GORDON@sakilacustomer.org',147,1,'2006-02-14 22:04:36','2006-02-15 07:57:20'),(144,1,'CLARA','SHAW','CLARA.SHAW@sakilacustomer.org',148,1,'2006-02-14 22:04:36','2006-02-15 07:57:20'),(145,1,'LUCILLE','HOLMES','LUCILLE.HOLMES@sakilacustomer.org',149,1,'2006-02-14 22:04:36','2006-02-15 07:57:20'),(146,1,'JAMIE','RICE','JAMIE.RICE@sakilacustomer.org',150,1,'2006-02-14 22:04:36','2006-02-15 07:57:20'),(147,2,'JOANNE','ROBERTSON','JOANNE.ROBERTSON@sakilacustomer.org',151,1,'2006-02-14 22:04:36','2006-02-15 07:57:20'),(148,1,'ELEANOR','HUNT','ELEANOR.HUNT@sakilacustomer.org',152,1,'2006-02-14 22:04:36','2006-02-15 07:57:20'),(149,1,'VALERIE','BLACK','VALERIE.BLACK@sakilacustomer.org',153,1,'2006-02-14 22:04:36','2006-02-15 07:57:20'),(150,2,'DANIELLE','DANIELS','DANIELLE.DANIELS@sakilacustomer.org',154,1,'2006-02-14 22:04:36','2006-02-15 07:57:20'),(151,2,'MEGAN','PALMER','MEGAN.PALMER@sakilacustomer.org',155,1,'2006-02-14 22:04:36','2006-02-15 07:57:20'),(152,1,'ALICIA','MILLS','ALICIA.MILLS@sakilacustomer.org',156,1,'2006-02-14 22:04:36','2006-02-15 07:57:20'),(153,2,'SUZANNE','NICHOLS','SUZANNE.NICHOLS@sakilacustomer.org',157,1,'2006-02-14 22:04:36','2006-02-15 07:57:20'),(154,2,'MICHELE','GRANT','MICHELE.GRANT@sakilacustomer.org',158,1,'2006-02-14 22:04:36','2006-02-15 07:57:20'),(155,1,'GAIL','KNIGHT','GAIL.KNIGHT@sakilacustomer.org',159,1,'2006-02-14 22:04:36','2006-02-15 07:57:20'),(156,1,'BERTHA','FERGUSON','BERTHA.FERGUSON@sakilacustomer.org',160,1,'2006-02-14 22:04:36','2006-02-15 07:57:20'),(157,2,'DARLENE','ROSE','DARLENE.ROSE@sakilacustomer.org',161,1,'2006-02-14 22:04:36','2006-02-15 07:57:20'),(158,1,'VERONICA','STONE','VERONICA.STONE@sakilacustomer.org',162,1,'2006-02-14 22:04:36','2006-02-15 07:57:20'),(159,1,'JILL','HAWKINS','JILL.HAWKINS@sakilacustomer.org',163,1,'2006-02-14 22:04:36','2006-02-15 07:57:20'),(160,2,'ERIN','DUNN','ERIN.DUNN@sakilacustomer.org',164,1,'2006-02-14 22:04:36','2006-02-15 07:57:20'),(161,1,'GERALDINE','PERKINS','GERALDINE.PERKINS@sakilacustomer.org',165,1,'2006-02-14 22:04:36','2006-02-15 07:57:20'),(162,2,'LAUREN','HUDSON','LAUREN.HUDSON@sakilacustomer.org',166,1,'2006-02-14 22:04:36','2006-02-15 07:57:20'),(163,1,'CATHY','SPENCER','CATHY.SPENCER@sakilacustomer.org',167,1,'2006-02-14 22:04:36','2006-02-15 07:57:20'),(164,2,'JOANN','GARDNER','JOANN.GARDNER@sakilacustomer.org',168,1,'2006-02-14 22:04:36','2006-02-15 07:57:20'),(165,2,'LORRAINE','STEPHENS','LORRAINE.STEPHENS@sakilacustomer.org',169,1,'2006-02-14 22:04:36','2006-02-15 07:57:20'),(166,1,'LYNN','PAYNE','LYNN.PAYNE@sakilacustomer.org',170,1,'2006-02-14 22:04:36','2006-02-15 07:57:20'),(167,2,'SALLY','PIERCE','SALLY.PIERCE@sakilacustomer.org',171,1,'2006-02-14 22:04:36','2006-02-15 07:57:20'),(168,1,'REGINA','BERRY','REGINA.BERRY@sakilacustomer.org',172,1,'2006-02-14 22:04:36','2006-02-15 07:57:20'),(169,2,'ERICA','MATTHEWS','ERICA.MATTHEWS@sakilacustomer.org',173,0,'2006-02-14 22:04:36','2006-02-15 07:57:20'),(170,1,'BEATRICE','ARNOLD','BEATRICE.ARNOLD@sakilacustomer.org',174,1,'2006-02-14 22:04:36','2006-02-15 07:57:20'),(171,2,'DOLORES','WAGNER','DOLORES.WAGNER@sakilacustomer.org',175,1,'2006-02-14 22:04:36','2006-02-15 07:57:20'),(172,1,'BERNICE','WILLIS','BERNICE.WILLIS@sakilacustomer.org',176,1,'2006-02-14 22:04:36','2006-02-15 07:57:20'),(173,1,'AUDREY','RAY','AUDREY.RAY@sakilacustomer.org',177,1,'2006-02-14 22:04:36','2006-02-15 07:57:20'),(174,2,'YVONNE','WATKINS','YVONNE.WATKINS@sakilacustomer.org',178,1,'2006-02-14 22:04:36','2006-02-15 07:57:20'),(175,1,'ANNETTE','OLSON','ANNETTE.OLSON@sakilacustomer.org',179,1,'2006-02-14 22:04:36','2006-02-15 07:57:20'),(176,1,'JUNE','CARROLL','JUNE.CARROLL@sakilacustomer.org',180,1,'2006-02-14 22:04:36','2006-02-15 07:57:20'),(177,2,'SAMANTHA','DUNCAN','SAMANTHA.DUNCAN@sakilacustomer.org',181,1,'2006-02-14 22:04:36','2006-02-15 07:57:20'),(178,2,'MARION','SNYDER','MARION.SNYDER@sakilacustomer.org',182,1,'2006-02-14 22:04:36','2006-02-15 07:57:20'),(179,1,'DANA','HART','DANA.HART@sakilacustomer.org',183,1,'2006-02-14 22:04:36','2006-02-15 07:57:20'),(180,2,'STACY','CUNNINGHAM','STACY.CUNNINGHAM@sakilacustomer.org',184,1,'2006-02-14 22:04:36','2006-02-15 07:57:20'),(181,2,'ANA','BRADLEY','ANA.BRADLEY@sakilacustomer.org',185,1,'2006-02-14 22:04:36','2006-02-15 07:57:20'),(182,1,'RENEE','LANE','RENEE.LANE@sakilacustomer.org',186,1,'2006-02-14 22:04:36','2006-02-15 07:57:20'),(183,2,'IDA','ANDREWS','IDA.ANDREWS@sakilacustomer.org',187,1,'2006-02-14 22:04:36','2006-02-15 07:57:20'),(184,1,'VIVIAN','RUIZ','VIVIAN.RUIZ@sakilacustomer.org',188,1,'2006-02-14 22:04:36','2006-02-15 07:57:20'),(185,1,'ROBERTA','HARPER','ROBERTA.HARPER@sakilacustomer.org',189,1,'2006-02-14 22:04:36','2006-02-15 07:57:20'),(186,2,'HOLLY','FOX','HOLLY.FOX@sakilacustomer.org',190,1,'2006-02-14 22:04:36','2006-02-15 07:57:20'),(187,2,'BRITTANY','RILEY','BRITTANY.RILEY@sakilacustomer.org',191,1,'2006-02-14 22:04:36','2006-02-15 07:57:20'),(188,1,'MELANIE','ARMSTRONG','MELANIE.ARMSTRONG@sakilacustomer.org',192,1,'2006-02-14 22:04:36','2006-02-15 07:57:20'),(189,1,'LORETTA','CARPENTER','LORETTA.CARPENTER@sakilacustomer.org',193,1,'2006-02-14 22:04:36','2006-02-15 07:57:20'),(190,2,'YOLANDA','WEAVER','YOLANDA.WEAVER@sakilacustomer.org',194,1,'2006-02-14 22:04:36','2006-02-15 07:57:20'),(191,1,'JEANETTE','GREENE','JEANETTE.GREENE@sakilacustomer.org',195,1,'2006-02-14 22:04:36','2006-02-15 07:57:20'),(192,1,'LAURIE','LAWRENCE','LAURIE.LAWRENCE@sakilacustomer.org',196,1,'2006-02-14 22:04:36','2006-02-15 07:57:20'),(193,2,'KATIE','ELLIOTT','KATIE.ELLIOTT@sakilacustomer.org',197,1,'2006-02-14 22:04:36','2006-02-15 07:57:20'),(194,2,'KRISTEN','CHAVEZ','KRISTEN.CHAVEZ@sakilacustomer.org',198,1,'2006-02-14 22:04:36','2006-02-15 07:57:20'),(195,1,'VANESSA','SIMS','VANESSA.SIMS@sakilacustomer.org',199,1,'2006-02-14 22:04:36','2006-02-15 07:57:20'),(196,1,'ALMA','AUSTIN','ALMA.AUSTIN@sakilacustomer.org',200,1,'2006-02-14 22:04:36','2006-02-15 07:57:20'),(197,2,'SUE','PETERS','SUE.PETERS@sakilacustomer.org',201,1,'2006-02-14 22:04:36','2006-02-15 07:57:20'),(198,2,'ELSIE','KELLEY','ELSIE.KELLEY@sakilacustomer.org',202,1,'2006-02-14 22:04:36','2006-02-15 07:57:20'),(199,2,'BETH','FRANKLIN','BETH.FRANKLIN@sakilacustomer.org',203,1,'2006-02-14 22:04:36','2006-02-15 07:57:20'),(200,2,'JEANNE','LAWSON','JEANNE.LAWSON@sakilacustomer.org',204,1,'2006-02-14 22:04:36','2006-02-15 07:57:20'),(201,1,'VICKI','FIELDS','VICKI.FIELDS@sakilacustomer.org',205,1,'2006-02-14 22:04:36','2006-02-15 07:57:20'),(202,2,'CARLA','GUTIERREZ','CARLA.GUTIERREZ@sakilacustomer.org',206,1,'2006-02-14 22:04:36','2006-02-15 07:57:20'),(203,1,'TARA','RYAN','TARA.RYAN@sakilacustomer.org',207,1,'2006-02-14 22:04:36','2006-02-15 07:57:20'),(204,1,'ROSEMARY','SCHMIDT','ROSEMARY.SCHMIDT@sakilacustomer.org',208,1,'2006-02-14 22:04:36','2006-02-15 07:57:20'),(205,2,'EILEEN','CARR','EILEEN.CARR@sakilacustomer.org',209,1,'2006-02-14 22:04:36','2006-02-15 07:57:20'),(206,1,'TERRI','VASQUEZ','TERRI.VASQUEZ@sakilacustomer.org',210,1,'2006-02-14 22:04:36','2006-02-15 07:57:20'),(207,1,'GERTRUDE','CASTILLO','GERTRUDE.CASTILLO@sakilacustomer.org',211,1,'2006-02-14 22:04:36','2006-02-15 07:57:20'),(208,1,'LUCY','WHEELER','LUCY.WHEELER@sakilacustomer.org',212,1,'2006-02-14 22:04:36','2006-02-15 07:57:20'),(209,2,'TONYA','CHAPMAN','TONYA.CHAPMAN@sakilacustomer.org',213,1,'2006-02-14 22:04:36','2006-02-15 07:57:20'),(210,2,'ELLA','OLIVER','ELLA.OLIVER@sakilacustomer.org',214,1,'2006-02-14 22:04:36','2006-02-15 07:57:20'),(211,1,'STACEY','MONTGOMERY','STACEY.MONTGOMERY@sakilacustomer.org',215,1,'2006-02-14 22:04:36','2006-02-15 07:57:20'),(212,2,'WILMA','RICHARDS','WILMA.RICHARDS@sakilacustomer.org',216,1,'2006-02-14 22:04:36','2006-02-15 07:57:20'),(213,1,'GINA','WILLIAMSON','GINA.WILLIAMSON@sakilacustomer.org',217,1,'2006-02-14 22:04:36','2006-02-15 07:57:20'),(214,1,'KRISTIN','JOHNSTON','KRISTIN.JOHNSTON@sakilacustomer.org',218,1,'2006-02-14 22:04:36','2006-02-15 07:57:20'),(215,2,'JESSIE','BANKS','JESSIE.BANKS@sakilacustomer.org',219,1,'2006-02-14 22:04:36','2006-02-15 07:57:20'),(216,1,'NATALIE','MEYER','NATALIE.MEYER@sakilacustomer.org',220,1,'2006-02-14 22:04:36','2006-02-15 07:57:20'),(217,2,'AGNES','BISHOP','AGNES.BISHOP@sakilacustomer.org',221,1,'2006-02-14 22:04:36','2006-02-15 07:57:20'),(218,1,'VERA','MCCOY','VERA.MCCOY@sakilacustomer.org',222,1,'2006-02-14 22:04:36','2006-02-15 07:57:20'),(219,2,'WILLIE','HOWELL','WILLIE.HOWELL@sakilacustomer.org',223,1,'2006-02-14 22:04:36','2006-02-15 07:57:20'),(220,2,'CHARLENE','ALVAREZ','CHARLENE.ALVAREZ@sakilacustomer.org',224,1,'2006-02-14 22:04:36','2006-02-15 07:57:20'),(221,1,'BESSIE','MORRISON','BESSIE.MORRISON@sakilacustomer.org',225,1,'2006-02-14 22:04:36','2006-02-15 07:57:20'),(222,2,'DELORES','HANSEN','DELORES.HANSEN@sakilacustomer.org',226,1,'2006-02-14 22:04:36','2006-02-15 07:57:20'),(223,1,'MELINDA','FERNANDEZ','MELINDA.FERNANDEZ@sakilacustomer.org',227,1,'2006-02-14 22:04:36','2006-02-15 07:57:20'),(224,2,'PEARL','GARZA','PEARL.GARZA@sakilacustomer.org',228,1,'2006-02-14 22:04:36','2006-02-15 07:57:20'),(225,1,'ARLENE','HARVEY','ARLENE.HARVEY@sakilacustomer.org',229,1,'2006-02-14 22:04:36','2006-02-15 07:57:20'),(226,2,'MAUREEN','LITTLE','MAUREEN.LITTLE@sakilacustomer.org',230,1,'2006-02-14 22:04:36','2006-02-15 07:57:20'),(227,1,'COLLEEN','BURTON','COLLEEN.BURTON@sakilacustomer.org',231,1,'2006-02-14 22:04:36','2006-02-15 07:57:20'),(228,2,'ALLISON','STANLEY','ALLISON.STANLEY@sakilacustomer.org',232,1,'2006-02-14 22:04:36','2006-02-15 07:57:20'),(229,1,'TAMARA','NGUYEN','TAMARA.NGUYEN@sakilacustomer.org',233,1,'2006-02-14 22:04:36','2006-02-15 07:57:20'),(230,2,'JOY','GEORGE','JOY.GEORGE@sakilacustomer.org',234,1,'2006-02-14 22:04:36','2006-02-15 07:57:20'),(231,1,'GEORGIA','JACOBS','GEORGIA.JACOBS@sakilacustomer.org',235,1,'2006-02-14 22:04:36','2006-02-15 07:57:20'),(232,2,'CONSTANCE','REID','CONSTANCE.REID@sakilacustomer.org',236,1,'2006-02-14 22:04:36','2006-02-15 07:57:20'),(233,2,'LILLIE','KIM','LILLIE.KIM@sakilacustomer.org',237,1,'2006-02-14 22:04:36','2006-02-15 07:57:20'),(234,1,'CLAUDIA','FULLER','CLAUDIA.FULLER@sakilacustomer.org',238,1,'2006-02-14 22:04:36','2006-02-15 07:57:20'),(235,1,'JACKIE','LYNCH','JACKIE.LYNCH@sakilacustomer.org',239,1,'2006-02-14 22:04:36','2006-02-15 07:57:20'),(236,1,'MARCIA','DEAN','MARCIA.DEAN@sakilacustomer.org',240,1,'2006-02-14 22:04:36','2006-02-15 07:57:20'),(237,1,'TANYA','GILBERT','TANYA.GILBERT@sakilacustomer.org',241,1,'2006-02-14 22:04:36','2006-02-15 07:57:20'),(238,1,'NELLIE','GARRETT','NELLIE.GARRETT@sakilacustomer.org',242,1,'2006-02-14 22:04:36','2006-02-15 07:57:20'),(239,2,'MINNIE','ROMERO','MINNIE.ROMERO@sakilacustomer.org',243,1,'2006-02-14 22:04:36','2006-02-15 07:57:20'),(240,1,'MARLENE','WELCH','MARLENE.WELCH@sakilacustomer.org',244,1,'2006-02-14 22:04:36','2006-02-15 07:57:20'),(241,2,'HEIDI','LARSON','HEIDI.LARSON@sakilacustomer.org',245,0,'2006-02-14 22:04:36','2006-02-15 07:57:20'),(242,1,'GLENDA','FRAZIER','GLENDA.FRAZIER@sakilacustomer.org',246,1,'2006-02-14 22:04:36','2006-02-15 07:57:20'),(243,1,'LYDIA','BURKE','LYDIA.BURKE@sakilacustomer.org',247,1,'2006-02-14 22:04:36','2006-02-15 07:57:20'),(244,2,'VIOLA','HANSON','VIOLA.HANSON@sakilacustomer.org',248,1,'2006-02-14 22:04:36','2006-02-15 07:57:20'),(245,1,'COURTNEY','DAY','COURTNEY.DAY@sakilacustomer.org',249,1,'2006-02-14 22:04:36','2006-02-15 07:57:20'),(246,1,'MARIAN','MENDOZA','MARIAN.MENDOZA@sakilacustomer.org',250,1,'2006-02-14 22:04:36','2006-02-15 07:57:20'),(247,1,'STELLA','MORENO','STELLA.MORENO@sakilacustomer.org',251,1,'2006-02-14 22:04:36','2006-02-15 07:57:20'),(248,1,'CAROLINE','BOWMAN','CAROLINE.BOWMAN@sakilacustomer.org',252,1,'2006-02-14 22:04:36','2006-02-15 07:57:20'),(249,2,'DORA','MEDINA','DORA.MEDINA@sakilacustomer.org',253,1,'2006-02-14 22:04:36','2006-02-15 07:57:20'),(250,2,'JO','FOWLER','JO.FOWLER@sakilacustomer.org',254,1,'2006-02-14 22:04:36','2006-02-15 07:57:20'),(251,2,'VICKIE','BREWER','VICKIE.BREWER@sakilacustomer.org',255,1,'2006-02-14 22:04:36','2006-02-15 07:57:20'),(252,2,'MATTIE','HOFFMAN','MATTIE.HOFFMAN@sakilacustomer.org',256,1,'2006-02-14 22:04:36','2006-02-15 07:57:20'),(253,1,'TERRY','CARLSON','TERRY.CARLSON@sakilacustomer.org',258,1,'2006-02-14 22:04:36','2006-02-15 07:57:20'),(254,2,'MAXINE','SILVA','MAXINE.SILVA@sakilacustomer.org',259,1,'2006-02-14 22:04:36','2006-02-15 07:57:20'),(255,2,'IRMA','PEARSON','IRMA.PEARSON@sakilacustomer.org',260,1,'2006-02-14 22:04:36','2006-02-15 07:57:20'),(256,2,'MABEL','HOLLAND','MABEL.HOLLAND@sakilacustomer.org',261,1,'2006-02-14 22:04:36','2006-02-15 07:57:20'),(257,2,'MARSHA','DOUGLAS','MARSHA.DOUGLAS@sakilacustomer.org',262,1,'2006-02-14 22:04:36','2006-02-15 07:57:20'),(258,1,'MYRTLE','FLEMING','MYRTLE.FLEMING@sakilacustomer.org',263,1,'2006-02-14 22:04:36','2006-02-15 07:57:20'),(259,2,'LENA','JENSEN','LENA.JENSEN@sakilacustomer.org',264,1,'2006-02-14 22:04:36','2006-02-15 07:57:20'),(260,1,'CHRISTY','VARGAS','CHRISTY.VARGAS@sakilacustomer.org',265,1,'2006-02-14 22:04:36','2006-02-15 07:57:20'),(261,1,'DEANNA','BYRD','DEANNA.BYRD@sakilacustomer.org',266,1,'2006-02-14 22:04:36','2006-02-15 07:57:20'),(262,2,'PATSY','DAVIDSON','PATSY.DAVIDSON@sakilacustomer.org',267,1,'2006-02-14 22:04:36','2006-02-15 07:57:20'),(263,1,'HILDA','HOPKINS','HILDA.HOPKINS@sakilacustomer.org',268,1,'2006-02-14 22:04:36','2006-02-15 07:57:20'),(264,1,'GWENDOLYN','MAY','GWENDOLYN.MAY@sakilacustomer.org',269,1,'2006-02-14 22:04:36','2006-02-15 07:57:20'),(265,2,'JENNIE','TERRY','JENNIE.TERRY@sakilacustomer.org',270,1,'2006-02-14 22:04:36','2006-02-15 07:57:20'),(266,2,'NORA','HERRERA','NORA.HERRERA@sakilacustomer.org',271,1,'2006-02-14 22:04:36','2006-02-15 07:57:20'),(267,1,'MARGIE','WADE','MARGIE.WADE@sakilacustomer.org',272,1,'2006-02-14 22:04:36','2006-02-15 07:57:20'),(268,1,'NINA','SOTO','NINA.SOTO@sakilacustomer.org',273,1,'2006-02-14 22:04:36','2006-02-15 07:57:20'),(269,1,'CASSANDRA','WALTERS','CASSANDRA.WALTERS@sakilacustomer.org',274,1,'2006-02-14 22:04:36','2006-02-15 07:57:20'),(270,1,'LEAH','CURTIS','LEAH.CURTIS@sakilacustomer.org',275,1,'2006-02-14 22:04:36','2006-02-15 07:57:20'),(271,1,'PENNY','NEAL','PENNY.NEAL@sakilacustomer.org',276,0,'2006-02-14 22:04:36','2006-02-15 07:57:20'),(272,1,'KAY','CALDWELL','KAY.CALDWELL@sakilacustomer.org',277,1,'2006-02-14 22:04:37','2006-02-15 07:57:20'),(273,2,'PRISCILLA','LOWE','PRISCILLA.LOWE@sakilacustomer.org',278,1,'2006-02-14 22:04:37','2006-02-15 07:57:20'),(274,1,'NAOMI','JENNINGS','NAOMI.JENNINGS@sakilacustomer.org',279,1,'2006-02-14 22:04:37','2006-02-15 07:57:20'),(275,2,'CAROLE','BARNETT','CAROLE.BARNETT@sakilacustomer.org',280,1,'2006-02-14 22:04:37','2006-02-15 07:57:20'),(276,1,'BRANDY','GRAVES','BRANDY.GRAVES@sakilacustomer.org',281,1,'2006-02-14 22:04:37','2006-02-15 07:57:20'),(277,2,'OLGA','JIMENEZ','OLGA.JIMENEZ@sakilacustomer.org',282,1,'2006-02-14 22:04:37','2006-02-15 07:57:20'),(278,2,'BILLIE','HORTON','BILLIE.HORTON@sakilacustomer.org',283,1,'2006-02-14 22:04:37','2006-02-15 07:57:20'),(279,2,'DIANNE','SHELTON','DIANNE.SHELTON@sakilacustomer.org',284,1,'2006-02-14 22:04:37','2006-02-15 07:57:20'),(280,2,'TRACEY','BARRETT','TRACEY.BARRETT@sakilacustomer.org',285,1,'2006-02-14 22:04:37','2006-02-15 07:57:20'),(281,2,'LEONA','OBRIEN','LEONA.OBRIEN@sakilacustomer.org',286,1,'2006-02-14 22:04:37','2006-02-15 07:57:20'),(282,2,'JENNY','CASTRO','JENNY.CASTRO@sakilacustomer.org',287,1,'2006-02-14 22:04:37','2006-02-15 07:57:20'),(283,1,'FELICIA','SUTTON','FELICIA.SUTTON@sakilacustomer.org',288,1,'2006-02-14 22:04:37','2006-02-15 07:57:20'),(284,1,'SONIA','GREGORY','SONIA.GREGORY@sakilacustomer.org',289,1,'2006-02-14 22:04:37','2006-02-15 07:57:20'),(285,1,'MIRIAM','MCKINNEY','MIRIAM.MCKINNEY@sakilacustomer.org',290,1,'2006-02-14 22:04:37','2006-02-15 07:57:20'),(286,1,'VELMA','LUCAS','VELMA.LUCAS@sakilacustomer.org',291,1,'2006-02-14 22:04:37','2006-02-15 07:57:20'),(287,2,'BECKY','MILES','BECKY.MILES@sakilacustomer.org',292,1,'2006-02-14 22:04:37','2006-02-15 07:57:20'),(288,1,'BOBBIE','CRAIG','BOBBIE.CRAIG@sakilacustomer.org',293,1,'2006-02-14 22:04:37','2006-02-15 07:57:20'),(289,1,'VIOLET','RODRIQUEZ','VIOLET.RODRIQUEZ@sakilacustomer.org',294,1,'2006-02-14 22:04:37','2006-02-15 07:57:20'),(290,1,'KRISTINA','CHAMBERS','KRISTINA.CHAMBERS@sakilacustomer.org',295,1,'2006-02-14 22:04:37','2006-02-15 07:57:20'),(291,1,'TONI','HOLT','TONI.HOLT@sakilacustomer.org',296,1,'2006-02-14 22:04:37','2006-02-15 07:57:20'),(292,2,'MISTY','LAMBERT','MISTY.LAMBERT@sakilacustomer.org',297,1,'2006-02-14 22:04:37','2006-02-15 07:57:20'),(293,2,'MAE','FLETCHER','MAE.FLETCHER@sakilacustomer.org',298,1,'2006-02-14 22:04:37','2006-02-15 07:57:20'),(294,2,'SHELLY','WATTS','SHELLY.WATTS@sakilacustomer.org',299,1,'2006-02-14 22:04:37','2006-02-15 07:57:20'),(295,1,'DAISY','BATES','DAISY.BATES@sakilacustomer.org',300,1,'2006-02-14 22:04:37','2006-02-15 07:57:20'),(296,2,'RAMONA','HALE','RAMONA.HALE@sakilacustomer.org',301,1,'2006-02-14 22:04:37','2006-02-15 07:57:20'),(297,1,'SHERRI','RHODES','SHERRI.RHODES@sakilacustomer.org',302,1,'2006-02-14 22:04:37','2006-02-15 07:57:20'),(298,1,'ERIKA','PENA','ERIKA.PENA@sakilacustomer.org',303,1,'2006-02-14 22:04:37','2006-02-15 07:57:20'),(299,2,'JAMES','GANNON','JAMES.GANNON@sakilacustomer.org',304,1,'2006-02-14 22:04:37','2006-02-15 07:57:20'),(300,1,'JOHN','FARNSWORTH','JOHN.FARNSWORTH@sakilacustomer.org',305,1,'2006-02-14 22:04:37','2006-02-15 07:57:20'),(301,2,'ROBERT','BAUGHMAN','ROBERT.BAUGHMAN@sakilacustomer.org',306,1,'2006-02-14 22:04:37','2006-02-15 07:57:20'),(302,1,'MICHAEL','SILVERMAN','MICHAEL.SILVERMAN@sakilacustomer.org',307,1,'2006-02-14 22:04:37','2006-02-15 07:57:20'),(303,2,'WILLIAM','SATTERFIELD','WILLIAM.SATTERFIELD@sakilacustomer.org',308,1,'2006-02-14 22:04:37','2006-02-15 07:57:20'),(304,2,'DAVID','ROYAL','DAVID.ROYAL@sakilacustomer.org',309,1,'2006-02-14 22:04:37','2006-02-15 07:57:20'),(305,1,'RICHARD','MCCRARY','RICHARD.MCCRARY@sakilacustomer.org',310,1,'2006-02-14 22:04:37','2006-02-15 07:57:20'),(306,1,'CHARLES','KOWALSKI','CHARLES.KOWALSKI@sakilacustomer.org',311,1,'2006-02-14 22:04:37','2006-02-15 07:57:20'),(307,2,'JOSEPH','JOY','JOSEPH.JOY@sakilacustomer.org',312,1,'2006-02-14 22:04:37','2006-02-15 07:57:20'),(308,1,'THOMAS','GRIGSBY','THOMAS.GRIGSBY@sakilacustomer.org',313,1,'2006-02-14 22:04:37','2006-02-15 07:57:20'),(309,1,'CHRISTOPHER','GRECO','CHRISTOPHER.GRECO@sakilacustomer.org',314,1,'2006-02-14 22:04:37','2006-02-15 07:57:20'),(310,2,'DANIEL','CABRAL','DANIEL.CABRAL@sakilacustomer.org',315,1,'2006-02-14 22:04:37','2006-02-15 07:57:20'),(311,2,'PAUL','TROUT','PAUL.TROUT@sakilacustomer.org',316,1,'2006-02-14 22:04:37','2006-02-15 07:57:20'),(312,2,'MARK','RINEHART','MARK.RINEHART@sakilacustomer.org',317,1,'2006-02-14 22:04:37','2006-02-15 07:57:20'),(313,2,'DONALD','MAHON','DONALD.MAHON@sakilacustomer.org',318,1,'2006-02-14 22:04:37','2006-02-15 07:57:20'),(314,1,'GEORGE','LINTON','GEORGE.LINTON@sakilacustomer.org',319,1,'2006-02-14 22:04:37','2006-02-15 07:57:20'),(315,2,'KENNETH','GOODEN','KENNETH.GOODEN@sakilacustomer.org',320,0,'2006-02-14 22:04:37','2006-02-15 07:57:20'),(316,1,'STEVEN','CURLEY','STEVEN.CURLEY@sakilacustomer.org',321,1,'2006-02-14 22:04:37','2006-02-15 07:57:20'),(317,2,'EDWARD','BAUGH','EDWARD.BAUGH@sakilacustomer.org',322,1,'2006-02-14 22:04:37','2006-02-15 07:57:20'),(318,1,'BRIAN','WYMAN','BRIAN.WYMAN@sakilacustomer.org',323,1,'2006-02-14 22:04:37','2006-02-15 07:57:20'),(319,2,'RONALD','WEINER','RONALD.WEINER@sakilacustomer.org',324,1,'2006-02-14 22:04:37','2006-02-15 07:57:20'),(320,2,'ANTHONY','SCHWAB','ANTHONY.SCHWAB@sakilacustomer.org',325,1,'2006-02-14 22:04:37','2006-02-15 07:57:20'),(321,1,'KEVIN','SCHULER','KEVIN.SCHULER@sakilacustomer.org',326,1,'2006-02-14 22:04:37','2006-02-15 07:57:20'),(322,1,'JASON','MORRISSEY','JASON.MORRISSEY@sakilacustomer.org',327,1,'2006-02-14 22:04:37','2006-02-15 07:57:20'),(323,2,'MATTHEW','MAHAN','MATTHEW.MAHAN@sakilacustomer.org',328,1,'2006-02-14 22:04:37','2006-02-15 07:57:20'),(324,2,'GARY','COY','GARY.COY@sakilacustomer.org',329,1,'2006-02-14 22:04:37','2006-02-15 07:57:20'),(325,1,'TIMOTHY','BUNN','TIMOTHY.BUNN@sakilacustomer.org',330,1,'2006-02-14 22:04:37','2006-02-15 07:57:20'),(326,1,'JOSE','ANDREW','JOSE.ANDREW@sakilacustomer.org',331,1,'2006-02-14 22:04:37','2006-02-15 07:57:20'),(327,2,'LARRY','THRASHER','LARRY.THRASHER@sakilacustomer.org',332,1,'2006-02-14 22:04:37','2006-02-15 07:57:20'),(328,2,'JEFFREY','SPEAR','JEFFREY.SPEAR@sakilacustomer.org',333,1,'2006-02-14 22:04:37','2006-02-15 07:57:20'),(329,2,'FRANK','WAGGONER','FRANK.WAGGONER@sakilacustomer.org',334,1,'2006-02-14 22:04:37','2006-02-15 07:57:20'),(330,1,'SCOTT','SHELLEY','SCOTT.SHELLEY@sakilacustomer.org',335,1,'2006-02-14 22:04:37','2006-02-15 07:57:20'),(331,1,'ERIC','ROBERT','ERIC.ROBERT@sakilacustomer.org',336,1,'2006-02-14 22:04:37','2006-02-15 07:57:20'),(332,1,'STEPHEN','QUALLS','STEPHEN.QUALLS@sakilacustomer.org',337,1,'2006-02-14 22:04:37','2006-02-15 07:57:20'),(333,2,'ANDREW','PURDY','ANDREW.PURDY@sakilacustomer.org',338,1,'2006-02-14 22:04:37','2006-02-15 07:57:20'),(334,2,'RAYMOND','MCWHORTER','RAYMOND.MCWHORTER@sakilacustomer.org',339,1,'2006-02-14 22:04:37','2006-02-15 07:57:20'),(335,1,'GREGORY','MAULDIN','GREGORY.MAULDIN@sakilacustomer.org',340,1,'2006-02-14 22:04:37','2006-02-15 07:57:20'),(336,1,'JOSHUA','MARK','JOSHUA.MARK@sakilacustomer.org',341,1,'2006-02-14 22:04:37','2006-02-15 07:57:20'),(337,1,'JERRY','JORDON','JERRY.JORDON@sakilacustomer.org',342,1,'2006-02-14 22:04:37','2006-02-15 07:57:20'),(338,1,'DENNIS','GILMAN','DENNIS.GILMAN@sakilacustomer.org',343,1,'2006-02-14 22:04:37','2006-02-15 07:57:20'),(339,2,'WALTER','PERRYMAN','WALTER.PERRYMAN@sakilacustomer.org',344,1,'2006-02-14 22:04:37','2006-02-15 07:57:20'),(340,1,'PATRICK','NEWSOM','PATRICK.NEWSOM@sakilacustomer.org',345,1,'2006-02-14 22:04:37','2006-02-15 07:57:20'),(341,1,'PETER','MENARD','PETER.MENARD@sakilacustomer.org',346,1,'2006-02-14 22:04:37','2006-02-15 07:57:20'),(342,1,'HAROLD','MARTINO','HAROLD.MARTINO@sakilacustomer.org',347,1,'2006-02-14 22:04:37','2006-02-15 07:57:20'),(343,1,'DOUGLAS','GRAF','DOUGLAS.GRAF@sakilacustomer.org',348,1,'2006-02-14 22:04:37','2006-02-15 07:57:20'),(344,1,'HENRY','BILLINGSLEY','HENRY.BILLINGSLEY@sakilacustomer.org',349,1,'2006-02-14 22:04:37','2006-02-15 07:57:20'),(345,1,'CARL','ARTIS','CARL.ARTIS@sakilacustomer.org',350,1,'2006-02-14 22:04:37','2006-02-15 07:57:20'),(346,1,'ARTHUR','SIMPKINS','ARTHUR.SIMPKINS@sakilacustomer.org',351,1,'2006-02-14 22:04:37','2006-02-15 07:57:20'),(347,2,'RYAN','SALISBURY','RYAN.SALISBURY@sakilacustomer.org',352,1,'2006-02-14 22:04:37','2006-02-15 07:57:20'),(348,2,'ROGER','QUINTANILLA','ROGER.QUINTANILLA@sakilacustomer.org',353,1,'2006-02-14 22:04:37','2006-02-15 07:57:20'),(349,2,'JOE','GILLILAND','JOE.GILLILAND@sakilacustomer.org',354,1,'2006-02-14 22:04:37','2006-02-15 07:57:20'),(350,1,'JUAN','FRALEY','JUAN.FRALEY@sakilacustomer.org',355,1,'2006-02-14 22:04:37','2006-02-15 07:57:20'),(351,1,'JACK','FOUST','JACK.FOUST@sakilacustomer.org',356,1,'2006-02-14 22:04:37','2006-02-15 07:57:20'),(352,1,'ALBERT','CROUSE','ALBERT.CROUSE@sakilacustomer.org',357,1,'2006-02-14 22:04:37','2006-02-15 07:57:20'),(353,1,'JONATHAN','SCARBOROUGH','JONATHAN.SCARBOROUGH@sakilacustomer.org',358,1,'2006-02-14 22:04:37','2006-02-15 07:57:20'),(354,2,'JUSTIN','NGO','JUSTIN.NGO@sakilacustomer.org',359,1,'2006-02-14 22:04:37','2006-02-15 07:57:20'),(355,2,'TERRY','GRISSOM','TERRY.GRISSOM@sakilacustomer.org',360,1,'2006-02-14 22:04:37','2006-02-15 07:57:20'),(356,2,'GERALD','FULTZ','GERALD.FULTZ@sakilacustomer.org',361,1,'2006-02-14 22:04:37','2006-02-15 07:57:20'),(357,1,'KEITH','RICO','KEITH.RICO@sakilacustomer.org',362,1,'2006-02-14 22:04:37','2006-02-15 07:57:20'),(358,2,'SAMUEL','MARLOW','SAMUEL.MARLOW@sakilacustomer.org',363,1,'2006-02-14 22:04:37','2006-02-15 07:57:20'),(359,2,'WILLIE','MARKHAM','WILLIE.MARKHAM@sakilacustomer.org',364,1,'2006-02-14 22:04:37','2006-02-15 07:57:20'),(360,2,'RALPH','MADRIGAL','RALPH.MADRIGAL@sakilacustomer.org',365,1,'2006-02-14 22:04:37','2006-02-15 07:57:20'),(361,2,'LAWRENCE','LAWTON','LAWRENCE.LAWTON@sakilacustomer.org',366,1,'2006-02-14 22:04:37','2006-02-15 07:57:20'),(362,1,'NICHOLAS','BARFIELD','NICHOLAS.BARFIELD@sakilacustomer.org',367,1,'2006-02-14 22:04:37','2006-02-15 07:57:20'),(363,2,'ROY','WHITING','ROY.WHITING@sakilacustomer.org',368,1,'2006-02-14 22:04:37','2006-02-15 07:57:20'),(364,1,'BENJAMIN','VARNEY','BENJAMIN.VARNEY@sakilacustomer.org',369,1,'2006-02-14 22:04:37','2006-02-15 07:57:20'),(365,2,'BRUCE','SCHWARZ','BRUCE.SCHWARZ@sakilacustomer.org',370,1,'2006-02-14 22:04:37','2006-02-15 07:57:20'),(366,1,'BRANDON','HUEY','BRANDON.HUEY@sakilacustomer.org',371,1,'2006-02-14 22:04:37','2006-02-15 07:57:20'),(367,1,'ADAM','GOOCH','ADAM.GOOCH@sakilacustomer.org',372,1,'2006-02-14 22:04:37','2006-02-15 07:57:20'),(368,1,'HARRY','ARCE','HARRY.ARCE@sakilacustomer.org',373,0,'2006-02-14 22:04:37','2006-02-15 07:57:20'),(369,2,'FRED','WHEAT','FRED.WHEAT@sakilacustomer.org',374,1,'2006-02-14 22:04:37','2006-02-15 07:57:20'),(370,2,'WAYNE','TRUONG','WAYNE.TRUONG@sakilacustomer.org',375,1,'2006-02-14 22:04:37','2006-02-15 07:57:20'),(371,1,'BILLY','POULIN','BILLY.POULIN@sakilacustomer.org',376,1,'2006-02-14 22:04:37','2006-02-15 07:57:20'),(372,2,'STEVE','MACKENZIE','STEVE.MACKENZIE@sakilacustomer.org',377,1,'2006-02-14 22:04:37','2006-02-15 07:57:20'),(373,1,'LOUIS','LEONE','LOUIS.LEONE@sakilacustomer.org',378,1,'2006-02-14 22:04:37','2006-02-15 07:57:20'),(374,2,'JEREMY','HURTADO','JEREMY.HURTADO@sakilacustomer.org',379,1,'2006-02-14 22:04:37','2006-02-15 07:57:20'),(375,2,'AARON','SELBY','AARON.SELBY@sakilacustomer.org',380,1,'2006-02-14 22:04:37','2006-02-15 07:57:20'),(376,1,'RANDY','GAITHER','RANDY.GAITHER@sakilacustomer.org',381,1,'2006-02-14 22:04:37','2006-02-15 07:57:20'),(377,1,'HOWARD','FORTNER','HOWARD.FORTNER@sakilacustomer.org',382,1,'2006-02-14 22:04:37','2006-02-15 07:57:20'),(378,1,'EUGENE','CULPEPPER','EUGENE.CULPEPPER@sakilacustomer.org',383,1,'2006-02-14 22:04:37','2006-02-15 07:57:20'),(379,1,'CARLOS','COUGHLIN','CARLOS.COUGHLIN@sakilacustomer.org',384,1,'2006-02-14 22:04:37','2006-02-15 07:57:20'),(380,1,'RUSSELL','BRINSON','RUSSELL.BRINSON@sakilacustomer.org',385,1,'2006-02-14 22:04:37','2006-02-15 07:57:20'),(381,2,'BOBBY','BOUDREAU','BOBBY.BOUDREAU@sakilacustomer.org',386,1,'2006-02-14 22:04:37','2006-02-15 07:57:20'),(382,2,'VICTOR','BARKLEY','VICTOR.BARKLEY@sakilacustomer.org',387,1,'2006-02-14 22:04:37','2006-02-15 07:57:20'),(383,1,'MARTIN','BALES','MARTIN.BALES@sakilacustomer.org',388,1,'2006-02-14 22:04:37','2006-02-15 07:57:20'),(384,2,'ERNEST','STEPP','ERNEST.STEPP@sakilacustomer.org',389,1,'2006-02-14 22:04:37','2006-02-15 07:57:20'),(385,1,'PHILLIP','HOLM','PHILLIP.HOLM@sakilacustomer.org',390,1,'2006-02-14 22:04:37','2006-02-15 07:57:20'),(386,1,'TODD','TAN','TODD.TAN@sakilacustomer.org',391,1,'2006-02-14 22:04:37','2006-02-15 07:57:20'),(387,2,'JESSE','SCHILLING','JESSE.SCHILLING@sakilacustomer.org',392,1,'2006-02-14 22:04:37','2006-02-15 07:57:20'),(388,2,'CRAIG','MORRELL','CRAIG.MORRELL@sakilacustomer.org',393,1,'2006-02-14 22:04:37','2006-02-15 07:57:20'),(389,1,'ALAN','KAHN','ALAN.KAHN@sakilacustomer.org',394,1,'2006-02-14 22:04:37','2006-02-15 07:57:20'),(390,1,'SHAWN','HEATON','SHAWN.HEATON@sakilacustomer.org',395,1,'2006-02-14 22:04:37','2006-02-15 07:57:20'),(391,1,'CLARENCE','GAMEZ','CLARENCE.GAMEZ@sakilacustomer.org',396,1,'2006-02-14 22:04:37','2006-02-15 07:57:20'),(392,2,'SEAN','DOUGLASS','SEAN.DOUGLASS@sakilacustomer.org',397,1,'2006-02-14 22:04:37','2006-02-15 07:57:20'),(393,1,'PHILIP','CAUSEY','PHILIP.CAUSEY@sakilacustomer.org',398,1,'2006-02-14 22:04:37','2006-02-15 07:57:20'),(394,2,'CHRIS','BROTHERS','CHRIS.BROTHERS@sakilacustomer.org',399,1,'2006-02-14 22:04:37','2006-02-15 07:57:20'),(395,2,'JOHNNY','TURPIN','JOHNNY.TURPIN@sakilacustomer.org',400,1,'2006-02-14 22:04:37','2006-02-15 07:57:20'),(396,1,'EARL','SHANKS','EARL.SHANKS@sakilacustomer.org',401,1,'2006-02-14 22:04:37','2006-02-15 07:57:20'),(397,1,'JIMMY','SCHRADER','JIMMY.SCHRADER@sakilacustomer.org',402,1,'2006-02-14 22:04:37','2006-02-15 07:57:20'),(398,1,'ANTONIO','MEEK','ANTONIO.MEEK@sakilacustomer.org',403,1,'2006-02-14 22:04:37','2006-02-15 07:57:20'),(399,1,'DANNY','ISOM','DANNY.ISOM@sakilacustomer.org',404,1,'2006-02-14 22:04:37','2006-02-15 07:57:20'),(400,2,'BRYAN','HARDISON','BRYAN.HARDISON@sakilacustomer.org',405,1,'2006-02-14 22:04:37','2006-02-15 07:57:20'),(401,2,'TONY','CARRANZA','TONY.CARRANZA@sakilacustomer.org',406,1,'2006-02-14 22:04:37','2006-02-15 07:57:20'),(402,1,'LUIS','YANEZ','LUIS.YANEZ@sakilacustomer.org',407,1,'2006-02-14 22:04:37','2006-02-15 07:57:20'),(403,1,'MIKE','WAY','MIKE.WAY@sakilacustomer.org',408,1,'2006-02-14 22:04:37','2006-02-15 07:57:20'),(404,2,'STANLEY','SCROGGINS','STANLEY.SCROGGINS@sakilacustomer.org',409,1,'2006-02-14 22:04:37','2006-02-15 07:57:20'),(405,1,'LEONARD','SCHOFIELD','LEONARD.SCHOFIELD@sakilacustomer.org',410,1,'2006-02-14 22:04:37','2006-02-15 07:57:20'),(406,1,'NATHAN','RUNYON','NATHAN.RUNYON@sakilacustomer.org',411,0,'2006-02-14 22:04:37','2006-02-15 07:57:20'),(407,1,'DALE','RATCLIFF','DALE.RATCLIFF@sakilacustomer.org',412,1,'2006-02-14 22:04:37','2006-02-15 07:57:20'),(408,1,'MANUEL','MURRELL','MANUEL.MURRELL@sakilacustomer.org',413,1,'2006-02-14 22:04:37','2006-02-15 07:57:20'),(409,2,'RODNEY','MOELLER','RODNEY.MOELLER@sakilacustomer.org',414,1,'2006-02-14 22:04:37','2006-02-15 07:57:20'),(410,2,'CURTIS','IRBY','CURTIS.IRBY@sakilacustomer.org',415,1,'2006-02-14 22:04:37','2006-02-15 07:57:20'),(411,1,'NORMAN','CURRIER','NORMAN.CURRIER@sakilacustomer.org',416,1,'2006-02-14 22:04:37','2006-02-15 07:57:20'),(412,2,'ALLEN','BUTTERFIELD','ALLEN.BUTTERFIELD@sakilacustomer.org',417,1,'2006-02-14 22:04:37','2006-02-15 07:57:20'),(413,2,'MARVIN','YEE','MARVIN.YEE@sakilacustomer.org',418,1,'2006-02-14 22:04:37','2006-02-15 07:57:20'),(414,1,'VINCENT','RALSTON','VINCENT.RALSTON@sakilacustomer.org',419,1,'2006-02-14 22:04:37','2006-02-15 07:57:20'),(415,1,'GLENN','PULLEN','GLENN.PULLEN@sakilacustomer.org',420,1,'2006-02-14 22:04:37','2006-02-15 07:57:20'),(416,2,'JEFFERY','PINSON','JEFFERY.PINSON@sakilacustomer.org',421,1,'2006-02-14 22:04:37','2006-02-15 07:57:20'),(417,1,'TRAVIS','ESTEP','TRAVIS.ESTEP@sakilacustomer.org',422,1,'2006-02-14 22:04:37','2006-02-15 07:57:20'),(418,2,'JEFF','EAST','JEFF.EAST@sakilacustomer.org',423,1,'2006-02-14 22:04:37','2006-02-15 07:57:20'),(419,1,'CHAD','CARBONE','CHAD.CARBONE@sakilacustomer.org',424,1,'2006-02-14 22:04:37','2006-02-15 07:57:20'),(420,1,'JACOB','LANCE','JACOB.LANCE@sakilacustomer.org',425,1,'2006-02-14 22:04:37','2006-02-15 07:57:20'),(421,1,'LEE','HAWKS','LEE.HAWKS@sakilacustomer.org',426,1,'2006-02-14 22:04:37','2006-02-15 07:57:20'),(422,1,'MELVIN','ELLINGTON','MELVIN.ELLINGTON@sakilacustomer.org',427,1,'2006-02-14 22:04:37','2006-02-15 07:57:20'),(423,2,'ALFRED','CASILLAS','ALFRED.CASILLAS@sakilacustomer.org',428,1,'2006-02-14 22:04:37','2006-02-15 07:57:20'),(424,2,'KYLE','SPURLOCK','KYLE.SPURLOCK@sakilacustomer.org',429,1,'2006-02-14 22:04:37','2006-02-15 07:57:20'),(425,2,'FRANCIS','SIKES','FRANCIS.SIKES@sakilacustomer.org',430,1,'2006-02-14 22:04:37','2006-02-15 07:57:20'),(426,1,'BRADLEY','MOTLEY','BRADLEY.MOTLEY@sakilacustomer.org',431,1,'2006-02-14 22:04:37','2006-02-15 07:57:20'),(427,2,'JESUS','MCCARTNEY','JESUS.MCCARTNEY@sakilacustomer.org',432,1,'2006-02-14 22:04:37','2006-02-15 07:57:20'),(428,2,'HERBERT','KRUGER','HERBERT.KRUGER@sakilacustomer.org',433,1,'2006-02-14 22:04:37','2006-02-15 07:57:20'),(429,2,'FREDERICK','ISBELL','FREDERICK.ISBELL@sakilacustomer.org',434,1,'2006-02-14 22:04:37','2006-02-15 07:57:20'),(430,1,'RAY','HOULE','RAY.HOULE@sakilacustomer.org',435,1,'2006-02-14 22:04:37','2006-02-15 07:57:20'),(431,2,'JOEL','FRANCISCO','JOEL.FRANCISCO@sakilacustomer.org',436,1,'2006-02-14 22:04:37','2006-02-15 07:57:20'),(432,1,'EDWIN','BURK','EDWIN.BURK@sakilacustomer.org',437,1,'2006-02-14 22:04:37','2006-02-15 07:57:20'),(433,1,'DON','BONE','DON.BONE@sakilacustomer.org',438,1,'2006-02-14 22:04:37','2006-02-15 07:57:20'),(434,1,'EDDIE','TOMLIN','EDDIE.TOMLIN@sakilacustomer.org',439,1,'2006-02-14 22:04:37','2006-02-15 07:57:20'),(435,2,'RICKY','SHELBY','RICKY.SHELBY@sakilacustomer.org',440,1,'2006-02-14 22:04:37','2006-02-15 07:57:20'),(436,1,'TROY','QUIGLEY','TROY.QUIGLEY@sakilacustomer.org',441,1,'2006-02-14 22:04:37','2006-02-15 07:57:20'),(437,2,'RANDALL','NEUMANN','RANDALL.NEUMANN@sakilacustomer.org',442,1,'2006-02-14 22:04:37','2006-02-15 07:57:20'),(438,1,'BARRY','LOVELACE','BARRY.LOVELACE@sakilacustomer.org',443,1,'2006-02-14 22:04:37','2006-02-15 07:57:20'),(439,2,'ALEXANDER','FENNELL','ALEXANDER.FENNELL@sakilacustomer.org',444,1,'2006-02-14 22:04:37','2006-02-15 07:57:20'),(440,1,'BERNARD','COLBY','BERNARD.COLBY@sakilacustomer.org',445,1,'2006-02-14 22:04:37','2006-02-15 07:57:20'),(441,1,'MARIO','CHEATHAM','MARIO.CHEATHAM@sakilacustomer.org',446,1,'2006-02-14 22:04:37','2006-02-15 07:57:20'),(442,1,'LEROY','BUSTAMANTE','LEROY.BUSTAMANTE@sakilacustomer.org',447,1,'2006-02-14 22:04:37','2006-02-15 07:57:20'),(443,2,'FRANCISCO','SKIDMORE','FRANCISCO.SKIDMORE@sakilacustomer.org',448,1,'2006-02-14 22:04:37','2006-02-15 07:57:20'),(444,2,'MARCUS','HIDALGO','MARCUS.HIDALGO@sakilacustomer.org',449,1,'2006-02-14 22:04:37','2006-02-15 07:57:20'),(445,1,'MICHEAL','FORMAN','MICHEAL.FORMAN@sakilacustomer.org',450,1,'2006-02-14 22:04:37','2006-02-15 07:57:20'),(446,2,'THEODORE','CULP','THEODORE.CULP@sakilacustomer.org',451,0,'2006-02-14 22:04:37','2006-02-15 07:57:20'),(447,1,'CLIFFORD','BOWENS','CLIFFORD.BOWENS@sakilacustomer.org',452,1,'2006-02-14 22:04:37','2006-02-15 07:57:20'),(448,1,'MIGUEL','BETANCOURT','MIGUEL.BETANCOURT@sakilacustomer.org',453,1,'2006-02-14 22:04:37','2006-02-15 07:57:20'),(449,2,'OSCAR','AQUINO','OSCAR.AQUINO@sakilacustomer.org',454,1,'2006-02-14 22:04:37','2006-02-15 07:57:20'),(450,1,'JAY','ROBB','JAY.ROBB@sakilacustomer.org',455,1,'2006-02-14 22:04:37','2006-02-15 07:57:20'),(451,1,'JIM','REA','JIM.REA@sakilacustomer.org',456,1,'2006-02-14 22:04:37','2006-02-15 07:57:20'),(452,1,'TOM','MILNER','TOM.MILNER@sakilacustomer.org',457,1,'2006-02-14 22:04:37','2006-02-15 07:57:20'),(453,1,'CALVIN','MARTEL','CALVIN.MARTEL@sakilacustomer.org',458,1,'2006-02-14 22:04:37','2006-02-15 07:57:20'),(454,2,'ALEX','GRESHAM','ALEX.GRESHAM@sakilacustomer.org',459,1,'2006-02-14 22:04:37','2006-02-15 07:57:20'),(455,2,'JON','WILES','JON.WILES@sakilacustomer.org',460,1,'2006-02-14 22:04:37','2006-02-15 07:57:20'),(456,2,'RONNIE','RICKETTS','RONNIE.RICKETTS@sakilacustomer.org',461,1,'2006-02-14 22:04:37','2006-02-15 07:57:20'),(457,2,'BILL','GAVIN','BILL.GAVIN@sakilacustomer.org',462,1,'2006-02-14 22:04:37','2006-02-15 07:57:20'),(458,1,'LLOYD','DOWD','LLOYD.DOWD@sakilacustomer.org',463,1,'2006-02-14 22:04:37','2006-02-15 07:57:20'),(459,1,'TOMMY','COLLAZO','TOMMY.COLLAZO@sakilacustomer.org',464,1,'2006-02-14 22:04:37','2006-02-15 07:57:20'),(460,1,'LEON','BOSTIC','LEON.BOSTIC@sakilacustomer.org',465,1,'2006-02-14 22:04:37','2006-02-15 07:57:20'),(461,1,'DEREK','BLAKELY','DEREK.BLAKELY@sakilacustomer.org',466,1,'2006-02-14 22:04:37','2006-02-15 07:57:20'),(462,2,'WARREN','SHERROD','WARREN.SHERROD@sakilacustomer.org',467,1,'2006-02-14 22:04:37','2006-02-15 07:57:20'),(463,2,'DARRELL','POWER','DARRELL.POWER@sakilacustomer.org',468,1,'2006-02-14 22:04:37','2006-02-15 07:57:20'),(464,1,'JEROME','KENYON','JEROME.KENYON@sakilacustomer.org',469,1,'2006-02-14 22:04:37','2006-02-15 07:57:20'),(465,1,'FLOYD','GANDY','FLOYD.GANDY@sakilacustomer.org',470,1,'2006-02-14 22:04:37','2006-02-15 07:57:20'),(466,1,'LEO','EBERT','LEO.EBERT@sakilacustomer.org',471,1,'2006-02-14 22:04:37','2006-02-15 07:57:20'),(467,2,'ALVIN','DELOACH','ALVIN.DELOACH@sakilacustomer.org',472,1,'2006-02-14 22:04:37','2006-02-15 07:57:20'),(468,1,'TIM','CARY','TIM.CARY@sakilacustomer.org',473,1,'2006-02-14 22:04:37','2006-02-15 07:57:20'),(469,2,'WESLEY','BULL','WESLEY.BULL@sakilacustomer.org',474,1,'2006-02-14 22:04:37','2006-02-15 07:57:20'),(470,1,'GORDON','ALLARD','GORDON.ALLARD@sakilacustomer.org',475,1,'2006-02-14 22:04:37','2006-02-15 07:57:20'),(471,1,'DEAN','SAUER','DEAN.SAUER@sakilacustomer.org',476,1,'2006-02-14 22:04:37','2006-02-15 07:57:20'),(472,1,'GREG','ROBINS','GREG.ROBINS@sakilacustomer.org',477,1,'2006-02-14 22:04:37','2006-02-15 07:57:20'),(473,2,'JORGE','OLIVARES','JORGE.OLIVARES@sakilacustomer.org',478,1,'2006-02-14 22:04:37','2006-02-15 07:57:20'),(474,2,'DUSTIN','GILLETTE','DUSTIN.GILLETTE@sakilacustomer.org',479,1,'2006-02-14 22:04:37','2006-02-15 07:57:20'),(475,2,'PEDRO','CHESTNUT','PEDRO.CHESTNUT@sakilacustomer.org',480,1,'2006-02-14 22:04:37','2006-02-15 07:57:20'),(476,1,'DERRICK','BOURQUE','DERRICK.BOURQUE@sakilacustomer.org',481,1,'2006-02-14 22:04:37','2006-02-15 07:57:20'),(477,1,'DAN','PAINE','DAN.PAINE@sakilacustomer.org',482,1,'2006-02-14 22:04:37','2006-02-15 07:57:20'),(478,1,'LEWIS','LYMAN','LEWIS.LYMAN@sakilacustomer.org',483,1,'2006-02-14 22:04:37','2006-02-15 07:57:20'),(479,1,'ZACHARY','HITE','ZACHARY.HITE@sakilacustomer.org',484,1,'2006-02-14 22:04:37','2006-02-15 07:57:20'),(480,1,'COREY','HAUSER','COREY.HAUSER@sakilacustomer.org',485,1,'2006-02-14 22:04:37','2006-02-15 07:57:20'),(481,1,'HERMAN','DEVORE','HERMAN.DEVORE@sakilacustomer.org',486,1,'2006-02-14 22:04:37','2006-02-15 07:57:20'),(482,1,'MAURICE','CRAWLEY','MAURICE.CRAWLEY@sakilacustomer.org',487,0,'2006-02-14 22:04:37','2006-02-15 07:57:20'),(483,2,'VERNON','CHAPA','VERNON.CHAPA@sakilacustomer.org',488,1,'2006-02-14 22:04:37','2006-02-15 07:57:20'),(484,1,'ROBERTO','VU','ROBERTO.VU@sakilacustomer.org',489,1,'2006-02-14 22:04:37','2006-02-15 07:57:20'),(485,1,'CLYDE','TOBIAS','CLYDE.TOBIAS@sakilacustomer.org',490,1,'2006-02-14 22:04:37','2006-02-15 07:57:20'),(486,1,'GLEN','TALBERT','GLEN.TALBERT@sakilacustomer.org',491,1,'2006-02-14 22:04:37','2006-02-15 07:57:20'),(487,2,'HECTOR','POINDEXTER','HECTOR.POINDEXTER@sakilacustomer.org',492,1,'2006-02-14 22:04:37','2006-02-15 07:57:20'),(488,2,'SHANE','MILLARD','SHANE.MILLARD@sakilacustomer.org',493,1,'2006-02-14 22:04:37','2006-02-15 07:57:20'),(489,1,'RICARDO','MEADOR','RICARDO.MEADOR@sakilacustomer.org',494,1,'2006-02-14 22:04:37','2006-02-15 07:57:20'),(490,1,'SAM','MCDUFFIE','SAM.MCDUFFIE@sakilacustomer.org',495,1,'2006-02-14 22:04:37','2006-02-15 07:57:20'),(491,2,'RICK','MATTOX','RICK.MATTOX@sakilacustomer.org',496,1,'2006-02-14 22:04:37','2006-02-15 07:57:20'),(492,2,'LESTER','KRAUS','LESTER.KRAUS@sakilacustomer.org',497,1,'2006-02-14 22:04:37','2006-02-15 07:57:20'),(493,1,'BRENT','HARKINS','BRENT.HARKINS@sakilacustomer.org',498,1,'2006-02-14 22:04:37','2006-02-15 07:57:20'),(494,2,'RAMON','CHOATE','RAMON.CHOATE@sakilacustomer.org',499,1,'2006-02-14 22:04:37','2006-02-15 07:57:20'),(495,2,'CHARLIE','BESS','CHARLIE.BESS@sakilacustomer.org',500,1,'2006-02-14 22:04:37','2006-02-15 07:57:20'),(496,2,'TYLER','WREN','TYLER.WREN@sakilacustomer.org',501,1,'2006-02-14 22:04:37','2006-02-15 07:57:20'),(497,2,'GILBERT','SLEDGE','GILBERT.SLEDGE@sakilacustomer.org',502,1,'2006-02-14 22:04:37','2006-02-15 07:57:20'),(498,1,'GENE','SANBORN','GENE.SANBORN@sakilacustomer.org',503,1,'2006-02-14 22:04:37','2006-02-15 07:57:20'),(499,2,'MARC','OUTLAW','MARC.OUTLAW@sakilacustomer.org',504,1,'2006-02-14 22:04:37','2006-02-15 07:57:20'),(500,1,'REGINALD','KINDER','REGINALD.KINDER@sakilacustomer.org',505,1,'2006-02-14 22:04:37','2006-02-15 07:57:20'),(501,1,'RUBEN','GEARY','RUBEN.GEARY@sakilacustomer.org',506,1,'2006-02-14 22:04:37','2006-02-15 07:57:20'),(502,1,'BRETT','CORNWELL','BRETT.CORNWELL@sakilacustomer.org',507,1,'2006-02-14 22:04:37','2006-02-15 07:57:20'),(503,1,'ANGEL','BARCLAY','ANGEL.BARCLAY@sakilacustomer.org',508,1,'2006-02-14 22:04:37','2006-02-15 07:57:20'),(504,1,'NATHANIEL','ADAM','NATHANIEL.ADAM@sakilacustomer.org',509,1,'2006-02-14 22:04:37','2006-02-15 07:57:20'),(505,1,'RAFAEL','ABNEY','RAFAEL.ABNEY@sakilacustomer.org',510,1,'2006-02-14 22:04:37','2006-02-15 07:57:20'),(506,2,'LESLIE','SEWARD','LESLIE.SEWARD@sakilacustomer.org',511,1,'2006-02-14 22:04:37','2006-02-15 07:57:20'),(507,2,'EDGAR','RHOADS','EDGAR.RHOADS@sakilacustomer.org',512,1,'2006-02-14 22:04:37','2006-02-15 07:57:20'),(508,2,'MILTON','HOWLAND','MILTON.HOWLAND@sakilacustomer.org',513,1,'2006-02-14 22:04:37','2006-02-15 07:57:20'),(509,1,'RAUL','FORTIER','RAUL.FORTIER@sakilacustomer.org',514,1,'2006-02-14 22:04:37','2006-02-15 07:57:20'),(510,2,'BEN','EASTER','BEN.EASTER@sakilacustomer.org',515,0,'2006-02-14 22:04:37','2006-02-15 07:57:20'),(511,1,'CHESTER','BENNER','CHESTER.BENNER@sakilacustomer.org',516,1,'2006-02-14 22:04:37','2006-02-15 07:57:20'),(512,1,'CECIL','VINES','CECIL.VINES@sakilacustomer.org',517,1,'2006-02-14 22:04:37','2006-02-15 07:57:20'),(513,2,'DUANE','TUBBS','DUANE.TUBBS@sakilacustomer.org',519,1,'2006-02-14 22:04:37','2006-02-15 07:57:20'),(514,2,'FRANKLIN','TROUTMAN','FRANKLIN.TROUTMAN@sakilacustomer.org',520,1,'2006-02-14 22:04:37','2006-02-15 07:57:20'),(515,1,'ANDRE','RAPP','ANDRE.RAPP@sakilacustomer.org',521,1,'2006-02-14 22:04:37','2006-02-15 07:57:20'),(516,2,'ELMER','NOE','ELMER.NOE@sakilacustomer.org',522,1,'2006-02-14 22:04:37','2006-02-15 07:57:20'),(517,2,'BRAD','MCCURDY','BRAD.MCCURDY@sakilacustomer.org',523,1,'2006-02-14 22:04:37','2006-02-15 07:57:20'),(518,1,'GABRIEL','HARDER','GABRIEL.HARDER@sakilacustomer.org',524,1,'2006-02-14 22:04:37','2006-02-15 07:57:20'),(519,2,'RON','DELUCA','RON.DELUCA@sakilacustomer.org',525,1,'2006-02-14 22:04:37','2006-02-15 07:57:20'),(520,2,'MITCHELL','WESTMORELAND','MITCHELL.WESTMORELAND@sakilacustomer.org',526,1,'2006-02-14 22:04:37','2006-02-15 07:57:20'),(521,2,'ROLAND','SOUTH','ROLAND.SOUTH@sakilacustomer.org',527,1,'2006-02-14 22:04:37','2006-02-15 07:57:20'),(522,2,'ARNOLD','HAVENS','ARNOLD.HAVENS@sakilacustomer.org',528,1,'2006-02-14 22:04:37','2006-02-15 07:57:20'),(523,1,'HARVEY','GUAJARDO','HARVEY.GUAJARDO@sakilacustomer.org',529,1,'2006-02-14 22:04:37','2006-02-15 07:57:20'),(524,1,'JARED','ELY','JARED.ELY@sakilacustomer.org',530,1,'2006-02-14 22:04:37','2006-02-15 07:57:20'),(525,2,'ADRIAN','CLARY','ADRIAN.CLARY@sakilacustomer.org',531,1,'2006-02-14 22:04:37','2006-02-15 07:57:20'),(526,2,'KARL','SEAL','KARL.SEAL@sakilacustomer.org',532,1,'2006-02-14 22:04:37','2006-02-15 07:57:20'),(527,1,'CORY','MEEHAN','CORY.MEEHAN@sakilacustomer.org',533,1,'2006-02-14 22:04:37','2006-02-15 07:57:20'),(528,1,'CLAUDE','HERZOG','CLAUDE.HERZOG@sakilacustomer.org',534,1,'2006-02-14 22:04:37','2006-02-15 07:57:20'),(529,2,'ERIK','GUILLEN','ERIK.GUILLEN@sakilacustomer.org',535,1,'2006-02-14 22:04:37','2006-02-15 07:57:20'),(530,2,'DARRYL','ASHCRAFT','DARRYL.ASHCRAFT@sakilacustomer.org',536,1,'2006-02-14 22:04:37','2006-02-15 07:57:20'),(531,2,'JAMIE','WAUGH','JAMIE.WAUGH@sakilacustomer.org',537,1,'2006-02-14 22:04:37','2006-02-15 07:57:20'),(532,2,'NEIL','RENNER','NEIL.RENNER@sakilacustomer.org',538,1,'2006-02-14 22:04:37','2006-02-15 07:57:20'),(533,1,'JESSIE','MILAM','JESSIE.MILAM@sakilacustomer.org',539,1,'2006-02-14 22:04:37','2006-02-15 07:57:20'),(534,1,'CHRISTIAN','JUNG','CHRISTIAN.JUNG@sakilacustomer.org',540,0,'2006-02-14 22:04:37','2006-02-15 07:57:20'),(535,1,'JAVIER','ELROD','JAVIER.ELROD@sakilacustomer.org',541,1,'2006-02-14 22:04:37','2006-02-15 07:57:20'),(536,2,'FERNANDO','CHURCHILL','FERNANDO.CHURCHILL@sakilacustomer.org',542,1,'2006-02-14 22:04:37','2006-02-15 07:57:20'),(537,2,'CLINTON','BUFORD','CLINTON.BUFORD@sakilacustomer.org',543,1,'2006-02-14 22:04:37','2006-02-15 07:57:20'),(538,2,'TED','BREAUX','TED.BREAUX@sakilacustomer.org',544,1,'2006-02-14 22:04:37','2006-02-15 07:57:20'),(539,1,'MATHEW','BOLIN','MATHEW.BOLIN@sakilacustomer.org',545,1,'2006-02-14 22:04:37','2006-02-15 07:57:20'),(540,1,'TYRONE','ASHER','TYRONE.ASHER@sakilacustomer.org',546,1,'2006-02-14 22:04:37','2006-02-15 07:57:20'),(541,2,'DARREN','WINDHAM','DARREN.WINDHAM@sakilacustomer.org',547,1,'2006-02-14 22:04:37','2006-02-15 07:57:20'),(542,2,'LONNIE','TIRADO','LONNIE.TIRADO@sakilacustomer.org',548,1,'2006-02-14 22:04:37','2006-02-15 07:57:20'),(543,1,'LANCE','PEMBERTON','LANCE.PEMBERTON@sakilacustomer.org',549,1,'2006-02-14 22:04:37','2006-02-15 07:57:20'),(544,2,'CODY','NOLEN','CODY.NOLEN@sakilacustomer.org',550,1,'2006-02-14 22:04:37','2006-02-15 07:57:20'),(545,2,'JULIO','NOLAND','JULIO.NOLAND@sakilacustomer.org',551,1,'2006-02-14 22:04:37','2006-02-15 07:57:20'),(546,1,'KELLY','KNOTT','KELLY.KNOTT@sakilacustomer.org',552,1,'2006-02-14 22:04:37','2006-02-15 07:57:20'),(547,1,'KURT','EMMONS','KURT.EMMONS@sakilacustomer.org',553,1,'2006-02-14 22:04:37','2006-02-15 07:57:20'),(548,1,'ALLAN','CORNISH','ALLAN.CORNISH@sakilacustomer.org',554,1,'2006-02-14 22:04:37','2006-02-15 07:57:20'),(549,1,'NELSON','CHRISTENSON','NELSON.CHRISTENSON@sakilacustomer.org',555,1,'2006-02-14 22:04:37','2006-02-15 07:57:20'),(550,2,'GUY','BROWNLEE','GUY.BROWNLEE@sakilacustomer.org',556,1,'2006-02-14 22:04:37','2006-02-15 07:57:20'),(551,2,'CLAYTON','BARBEE','CLAYTON.BARBEE@sakilacustomer.org',557,1,'2006-02-14 22:04:37','2006-02-15 07:57:20'),(552,2,'HUGH','WALDROP','HUGH.WALDROP@sakilacustomer.org',558,1,'2006-02-14 22:04:37','2006-02-15 07:57:20'),(553,1,'MAX','PITT','MAX.PITT@sakilacustomer.org',559,1,'2006-02-14 22:04:37','2006-02-15 07:57:20'),(554,1,'DWAYNE','OLVERA','DWAYNE.OLVERA@sakilacustomer.org',560,1,'2006-02-14 22:04:37','2006-02-15 07:57:20'),(555,1,'DWIGHT','LOMBARDI','DWIGHT.LOMBARDI@sakilacustomer.org',561,1,'2006-02-14 22:04:37','2006-02-15 07:57:20'),(556,2,'ARMANDO','GRUBER','ARMANDO.GRUBER@sakilacustomer.org',562,1,'2006-02-14 22:04:37','2006-02-15 07:57:20'),(557,1,'FELIX','GAFFNEY','FELIX.GAFFNEY@sakilacustomer.org',563,1,'2006-02-14 22:04:37','2006-02-15 07:57:20'),(558,1,'JIMMIE','EGGLESTON','JIMMIE.EGGLESTON@sakilacustomer.org',564,0,'2006-02-14 22:04:37','2006-02-15 07:57:20'),(559,2,'EVERETT','BANDA','EVERETT.BANDA@sakilacustomer.org',565,1,'2006-02-14 22:04:37','2006-02-15 07:57:20'),(560,1,'JORDAN','ARCHULETA','JORDAN.ARCHULETA@sakilacustomer.org',566,1,'2006-02-14 22:04:37','2006-02-15 07:57:20'),(561,2,'IAN','STILL','IAN.STILL@sakilacustomer.org',567,1,'2006-02-14 22:04:37','2006-02-15 07:57:20'),(562,1,'WALLACE','SLONE','WALLACE.SLONE@sakilacustomer.org',568,1,'2006-02-14 22:04:37','2006-02-15 07:57:20'),(563,2,'KEN','PREWITT','KEN.PREWITT@sakilacustomer.org',569,1,'2006-02-14 22:04:37','2006-02-15 07:57:20'),(564,2,'BOB','PFEIFFER','BOB.PFEIFFER@sakilacustomer.org',570,1,'2006-02-14 22:04:37','2006-02-15 07:57:20'),(565,2,'JAIME','NETTLES','JAIME.NETTLES@sakilacustomer.org',571,1,'2006-02-14 22:04:37','2006-02-15 07:57:20'),(566,1,'CASEY','MENA','CASEY.MENA@sakilacustomer.org',572,1,'2006-02-14 22:04:37','2006-02-15 07:57:20'),(567,2,'ALFREDO','MCADAMS','ALFREDO.MCADAMS@sakilacustomer.org',573,1,'2006-02-14 22:04:37','2006-02-15 07:57:20'),(568,2,'ALBERTO','HENNING','ALBERTO.HENNING@sakilacustomer.org',574,1,'2006-02-14 22:04:37','2006-02-15 07:57:20'),(569,2,'DAVE','GARDINER','DAVE.GARDINER@sakilacustomer.org',575,1,'2006-02-14 22:04:37','2006-02-15 07:57:20'),(570,2,'IVAN','CROMWELL','IVAN.CROMWELL@sakilacustomer.org',576,1,'2006-02-14 22:04:37','2006-02-15 07:57:20'),(571,2,'JOHNNIE','CHISHOLM','JOHNNIE.CHISHOLM@sakilacustomer.org',577,1,'2006-02-14 22:04:37','2006-02-15 07:57:20'),(572,1,'SIDNEY','BURLESON','SIDNEY.BURLESON@sakilacustomer.org',578,1,'2006-02-14 22:04:37','2006-02-15 07:57:20'),(573,1,'BYRON','BOX','BYRON.BOX@sakilacustomer.org',579,1,'2006-02-14 22:04:37','2006-02-15 07:57:20'),(574,2,'JULIAN','VEST','JULIAN.VEST@sakilacustomer.org',580,1,'2006-02-14 22:04:37','2006-02-15 07:57:20'),(575,2,'ISAAC','OGLESBY','ISAAC.OGLESBY@sakilacustomer.org',581,1,'2006-02-14 22:04:37','2006-02-15 07:57:20'),(576,2,'MORRIS','MCCARTER','MORRIS.MCCARTER@sakilacustomer.org',582,1,'2006-02-14 22:04:37','2006-02-15 07:57:20'),(577,2,'CLIFTON','MALCOLM','CLIFTON.MALCOLM@sakilacustomer.org',583,1,'2006-02-14 22:04:37','2006-02-15 07:57:20'),(578,2,'WILLARD','LUMPKIN','WILLARD.LUMPKIN@sakilacustomer.org',584,1,'2006-02-14 22:04:37','2006-02-15 07:57:20'),(579,2,'DARYL','LARUE','DARYL.LARUE@sakilacustomer.org',585,1,'2006-02-14 22:04:37','2006-02-15 07:57:20'),(580,1,'ROSS','GREY','ROSS.GREY@sakilacustomer.org',586,1,'2006-02-14 22:04:37','2006-02-15 07:57:20'),(581,1,'VIRGIL','WOFFORD','VIRGIL.WOFFORD@sakilacustomer.org',587,1,'2006-02-14 22:04:37','2006-02-15 07:57:20'),(582,2,'ANDY','VANHORN','ANDY.VANHORN@sakilacustomer.org',588,1,'2006-02-14 22:04:37','2006-02-15 07:57:20'),(583,1,'MARSHALL','THORN','MARSHALL.THORN@sakilacustomer.org',589,1,'2006-02-14 22:04:37','2006-02-15 07:57:20'),(584,2,'SALVADOR','TEEL','SALVADOR.TEEL@sakilacustomer.org',590,1,'2006-02-14 22:04:37','2006-02-15 07:57:20'),(585,1,'PERRY','SWAFFORD','PERRY.SWAFFORD@sakilacustomer.org',591,1,'2006-02-14 22:04:37','2006-02-15 07:57:20'),(586,1,'KIRK','STCLAIR','KIRK.STCLAIR@sakilacustomer.org',592,1,'2006-02-14 22:04:37','2006-02-15 07:57:20'),(587,1,'SERGIO','STANFIELD','SERGIO.STANFIELD@sakilacustomer.org',593,1,'2006-02-14 22:04:37','2006-02-15 07:57:20'),(588,1,'MARION','OCAMPO','MARION.OCAMPO@sakilacustomer.org',594,1,'2006-02-14 22:04:37','2006-02-15 07:57:20'),(589,1,'TRACY','HERRMANN','TRACY.HERRMANN@sakilacustomer.org',595,1,'2006-02-14 22:04:37','2006-02-15 07:57:20'),(590,2,'SETH','HANNON','SETH.HANNON@sakilacustomer.org',596,1,'2006-02-14 22:04:37','2006-02-15 07:57:20'),(591,1,'KENT','ARSENAULT','KENT.ARSENAULT@sakilacustomer.org',597,1,'2006-02-14 22:04:37','2006-02-15 07:57:20'),(592,1,'TERRANCE','ROUSH','TERRANCE.ROUSH@sakilacustomer.org',598,0,'2006-02-14 22:04:37','2006-02-15 07:57:20'),(593,2,'RENE','MCALISTER','RENE.MCALISTER@sakilacustomer.org',599,1,'2006-02-14 22:04:37','2006-02-15 07:57:20'),(594,1,'EDUARDO','HIATT','EDUARDO.HIATT@sakilacustomer.org',600,1,'2006-02-14 22:04:37','2006-02-15 07:57:20'),(595,1,'TERRENCE','GUNDERSON','TERRENCE.GUNDERSON@sakilacustomer.org',601,1,'2006-02-14 22:04:37','2006-02-15 07:57:20'),(596,1,'ENRIQUE','FORSYTHE','ENRIQUE.FORSYTHE@sakilacustomer.org',602,1,'2006-02-14 22:04:37','2006-02-15 07:57:20'),(597,1,'FREDDIE','DUGGAN','FREDDIE.DUGGAN@sakilacustomer.org',603,1,'2006-02-14 22:04:37','2006-02-15 07:57:20'),(598,1,'WADE','DELVALLE','WADE.DELVALLE@sakilacustomer.org',604,1,'2006-02-14 22:04:37','2006-02-15 07:57:20'),(599,2,'AUSTIN','CINTRON','AUSTIN.CINTRON@sakilacustomer.org',605,1,'2006-02-14 22:04:37','2006-02-15 07:57:20');

--
-- Table structure for table  language 
--
DROP TABLE IF EXISTS  language ;
CREATE TABLE  language  (
   language_id  int unsigned NOT NULL AUTO_INCREMENT,
   name  char(20) NOT NULL,
   last_update  timestamp NOT NULL DEFAULT CURRENT_TIMESTAMP ON UPDATE CURRENT_TIMESTAMP,
  PRIMARY KEY ( language_id )
);

--
-- Dumping data for table  language 
--
INSERT INTO  language  VALUES (1,'English','2006-02-15 08:02:19'),(2,'Italian','2006-02-15 08:02:19'),(3,'Japanese','2006-02-15 08:02:19'),(4,'Mandarin','2006-02-15 08:02:19'),(5,'French','2006-02-15 08:02:19'),(6,'German','2006-02-15 08:02:19');

--
-- Table structure for table  film 
--
DROP TABLE IF EXISTS  film ;
CREATE TABLE  film  (
   film_id  int unsigned NOT NULL AUTO_INCREMENT,
   title  varchar(255) NOT NULL,
   description  text,
   release_year  year DEFAULT NULL,
   language_id  int unsigned NOT NULL,
   original_language_id  int unsigned DEFAULT NULL,
   rental_duration  int unsigned NOT NULL DEFAULT '3',
   rental_rate  decimal(4,2) NOT NULL DEFAULT '4.99',
   length  int unsigned DEFAULT NULL,
   replacement_cost  decimal(5,2) NOT NULL DEFAULT '19.99',
   rating  enum('G','PG','PG-13','R','NC-17') DEFAULT 'G',
   special_features  set('Trailers','Commentaries','Deleted Scenes','Behind the Scenes') DEFAULT NULL,
   last_update  timestamp NOT NULL DEFAULT CURRENT_TIMESTAMP ON UPDATE CURRENT_TIMESTAMP,
  PRIMARY KEY ( film_id ),
  KEY  idx_title  ( title ),
  KEY  idx_fk_language_id  ( language_id ),
  KEY  idx_fk_original_language_id  ( original_language_id ),
  CONSTRAINT  fk_film_language  FOREIGN KEY ( language_id ) REFERENCES  language  ( language_id ) ON UPDATE CASCADE,
  CONSTRAINT  fk_film_language_original  FOREIGN KEY ( original_language_id ) REFERENCES  language  ( language_id ) ON UPDATE CASCADE
);

--
-- Dumping data for table  film 
--
INSERT INTO  film  VALUES (1,'ACADEMY DINOSAUR','A Epic Drama of a Feminist And a Mad Scientist who must Battle a Teacher in The Canadian Rockies',2006,1,NULL,6,0.99,86,20.99,'PG','Deleted Scenes,Behind the Scenes','2006-02-15 08:03:42'),(2,'ACE GOLDFINGER','A Astounding Epistle of a Database Administrator And a Explorer who must Find a Car in Ancient China',2006,1,NULL,3,4.99,48,12.99,'G','Trailers,Deleted Scenes','2006-02-15 08:03:42'),(3,'ADAPTATION HOLES','A Astounding Reflection of a Lumberjack And a Car who must Sink a Lumberjack in A Baloon Factory',2006,1,NULL,7,2.99,50,18.99,'NC-17','Trailers,Deleted Scenes','2006-02-15 08:03:42'),(4,'AFFAIR PREJUDICE','A Fanciful Documentary of a Frisbee And a Lumberjack who must Chase a Monkey in A Shark Tank',2006,1,NULL,5,2.99,117,26.99,'G','Commentaries,Behind the Scenes','2006-02-15 08:03:42'),(5,'AFRICAN EGG','A Fast-Paced Documentary of a Pastry Chef And a Dentist who must Pursue a Forensic Psychologist in The Gulf of Mexico',2006,1,NULL,6,2.99,130,22.99,'G','Deleted Scenes','2006-02-15 08:03:42'),(6,'AGENT TRUMAN','A Intrepid Panorama of a Robot And a Boy who must Escape a Sumo Wrestler in Ancient China',2006,1,NULL,3,2.99,169,17.99,'PG','Deleted Scenes','2006-02-15 08:03:42'),(7,'AIRPLANE SIERRA','A Touching Saga of a Hunter And a Butler who must Discover a Butler in A Jet Boat',2006,1,NULL,6,4.99,62,28.99,'PG-13','Trailers,Deleted Scenes','2006-02-15 08:03:42'),(8,'AIRPORT POLLOCK','A Epic Tale of a Moose And a Girl who must Confront a Monkey in Ancient India',2006,1,NULL,6,4.99,54,15.99,'R','Trailers','2006-02-15 08:03:42'),(9,'ALABAMA DEVIL','A Thoughtful Panorama of a Database Administrator And a Mad Scientist who must Outgun a Mad Scientist in A Jet Boat',2006,1,NULL,3,2.99,114,21.99,'PG-13','Trailers,Deleted Scenes','2006-02-15 08:03:42'),(10,'ALADDIN CALENDAR','A Action-Packed Tale of a Man And a Lumberjack who must Reach a Feminist in Ancient China',2006,1,NULL,6,4.99,63,24.99,'NC-17','Trailers,Deleted Scenes','2006-02-15 08:03:42'),(11,'ALAMO VIDEOTAPE','A Boring Epistle of a Butler And a Cat who must Fight a Pastry Chef in A MySQL Convention',2006,1,NULL,6,0.99,126,16.99,'G','Commentaries,Behind the Scenes','2006-02-15 08:03:42'),(12,'ALASKA PHANTOM','A Fanciful Saga of a Hunter And a Pastry Chef who must Vanquish a Boy in Australia',2006,1,NULL,6,0.99,136,22.99,'PG','Commentaries,Deleted Scenes','2006-02-15 08:03:42'),(13,'ALI FOREVER','A Action-Packed Drama of a Dentist And a Crocodile who must Battle a Feminist in The Canadian Rockies',2006,1,NULL,4,4.99,150,21.99,'PG','Deleted Scenes,Behind the Scenes','2006-02-15 08:03:42'),(14,'ALICE FANTASIA','A Emotional Drama of a A Shark And a Database Administrator who must Vanquish a Pioneer in Soviet Georgia',2006,1,NULL,6,0.99,94,23.99,'NC-17','Trailers,Deleted Scenes,Behind the Scenes','2006-02-15 08:03:42'),(15,'ALIEN CENTER','A Brilliant Drama of a Cat And a Mad Scientist who must Battle a Feminist in A MySQL Convention',2006,1,NULL,5,2.99,46,10.99,'NC-17','Trailers,Commentaries,Behind the Scenes','2006-02-15 08:03:42'),(16,'ALLEY EVOLUTION','A Fast-Paced Drama of a Robot And a Composer who must Battle a Astronaut in New Orleans',2006,1,NULL,6,2.99,180,23.99,'NC-17','Trailers,Commentaries','2006-02-15 08:03:42'),(17,'ALONE TRIP','A Fast-Paced Character Study of a Composer And a Dog who must Outgun a Boat in An Abandoned Fun House',2006,1,NULL,3,0.99,82,14.99,'R','Trailers,Behind the Scenes','2006-02-15 08:03:42'),(18,'ALTER VICTORY','A Thoughtful Drama of a Composer And a Feminist who must Meet a Secret Agent in The Canadian Rockies',2006,1,NULL,6,0.99,57,27.99,'PG-13','Trailers,Behind the Scenes','2006-02-15 08:03:42'),(19,'AMADEUS HOLY','A Emotional Display of a Pioneer And a Technical Writer who must Battle a Man in A Baloon',2006,1,NULL,6,0.99,113,20.99,'PG','Commentaries,Deleted Scenes,Behind the Scenes','2006-02-15 08:03:42'),(20,'AMELIE HELLFIGHTERS','A Boring Drama of a Woman And a Squirrel who must Conquer a Student in A Baloon',2006,1,NULL,4,4.99,79,23.99,'R','Commentaries,Deleted Scenes,Behind the Scenes','2006-02-15 08:03:42'),(21,'AMERICAN CIRCUS','A Insightful Drama of a Girl And a Astronaut who must Face a Database Administrator in A Shark Tank',2006,1,NULL,3,4.99,129,17.99,'R','Commentaries,Behind the Scenes','2006-02-15 08:03:42'),(22,'AMISTAD MIDSUMMER','A Emotional Character Study of a Dentist And a Crocodile who must Meet a Sumo Wrestler in California',2006,1,NULL,6,2.99,85,10.99,'G','Commentaries,Behind the Scenes','2006-02-15 08:03:42'),(23,'ANACONDA CONFESSIONS','A Lacklusture Display of a Dentist And a Dentist who must Fight a Girl in Australia',2006,1,NULL,3,0.99,92,9.99,'R','Trailers,Deleted Scenes','2006-02-15 08:03:42'),(24,'ANALYZE HOOSIERS','A Thoughtful Display of a Explorer And a Pastry Chef who must Overcome a Feminist in The Sahara Desert',2006,1,NULL,6,2.99,181,19.99,'R','Trailers,Behind the Scenes','2006-02-15 08:03:42'),(25,'ANGELS LIFE','A Thoughtful Display of a Woman And a Astronaut who must Battle a Robot in Berlin',2006,1,NULL,3,2.99,74,15.99,'G','Trailers','2006-02-15 08:03:42'),(26,'ANNIE IDENTITY','A Amazing Panorama of a Pastry Chef And a Boat who must Escape a Woman in An Abandoned Amusement Park',2006,1,NULL,3,0.99,86,15.99,'G','Commentaries,Deleted Scenes','2006-02-15 08:03:42'),(27,'ANONYMOUS HUMAN','A Amazing Reflection of a Database Administrator And a Astronaut who must Outrace a Database Administrator in A Shark Tank',2006,1,NULL,7,0.99,179,12.99,'NC-17','Deleted Scenes,Behind the Scenes','2006-02-15 08:03:42'),(28,'ANTHEM LUKE','A Touching Panorama of a Waitress And a Woman who must Outrace a Dog in An Abandoned Amusement Park',2006,1,NULL,5,4.99,91,16.99,'PG-13','Deleted Scenes,Behind the Scenes','2006-02-15 08:03:42'),(29,'ANTITRUST TOMATOES','A Fateful Yarn of a Womanizer And a Feminist who must Succumb a Database Administrator in Ancient India',2006,1,NULL,5,2.99,168,11.99,'NC-17','Trailers,Commentaries,Deleted Scenes','2006-02-15 08:03:42'),(30,'ANYTHING SAVANNAH','A Epic Story of a Pastry Chef And a Woman who must Chase a Feminist in An Abandoned Fun House',2006,1,NULL,4,2.99,82,27.99,'R','Trailers,Deleted Scenes,Behind the Scenes','2006-02-15 08:03:42'),(31,'APACHE DIVINE','A Awe-Inspiring Reflection of a Pastry Chef And a Teacher who must Overcome a Sumo Wrestler in A U-Boat',2006,1,NULL,5,4.99,92,16.99,'NC-17','Commentaries,Deleted Scenes,Behind the Scenes','2006-02-15 08:03:42'),(32,'APOCALYPSE FLAMINGOS','A Astounding Story of a Dog And a Squirrel who must Defeat a Woman in An Abandoned Amusement Park',2006,1,NULL,6,4.99,119,11.99,'R','Trailers,Commentaries','2006-02-15 08:03:42'),(33,'APOLLO TEEN','A Action-Packed Reflection of a Crocodile And a Explorer who must Find a Sumo Wrestler in An Abandoned Mine Shaft',2006,1,NULL,5,2.99,153,15.99,'PG-13','Trailers,Commentaries,Deleted Scenes,Behind the Scenes','2006-02-15 08:03:42'),(34,'ARABIA DOGMA','A Touching Epistle of a Madman And a Mad Cow who must Defeat a Student in Nigeria',2006,1,NULL,6,0.99,62,29.99,'NC-17','Commentaries,Deleted Scenes','2006-02-15 08:03:42'),(35,'ARACHNOPHOBIA ROLLERCOASTER','A Action-Packed Reflection of a Pastry Chef And a Composer who must Discover a Mad Scientist in The First Manned Space Station',2006,1,NULL,4,2.99,147,24.99,'PG-13','Trailers,Deleted Scenes,Behind the Scenes','2006-02-15 08:03:42'),(36,'ARGONAUTS TOWN','A Emotional Epistle of a Forensic Psychologist And a Butler who must Challenge a Waitress in An Abandoned Mine Shaft',2006,1,NULL,7,0.99,127,12.99,'PG-13','Trailers,Commentaries','2006-02-15 08:03:42'),(37,'ARIZONA BANG','A Brilliant Panorama of a Mad Scientist And a Mad Cow who must Meet a Pioneer in A Monastery',2006,1,NULL,3,2.99,121,28.99,'PG','Trailers,Deleted Scenes','2006-02-15 08:03:42'),(38,'ARK RIDGEMONT','A Beautiful Yarn of a Pioneer And a Monkey who must Pursue a Explorer in The Sahara Desert',2006,1,NULL,6,0.99,68,25.99,'NC-17','Trailers,Commentaries,Deleted Scenes,Behind the Scenes','2006-02-15 08:03:42'),(39,'ARMAGEDDON LOST','A Fast-Paced Tale of a Boat And a Teacher who must Succumb a Composer in An Abandoned Mine Shaft',2006,1,NULL,5,0.99,99,10.99,'G','Trailers','2006-02-15 08:03:42'),(40,'ARMY FLINTSTONES','A Boring Saga of a Database Administrator And a Womanizer who must Battle a Waitress in Nigeria',2006,1,NULL,4,0.99,148,22.99,'R','Trailers,Commentaries','2006-02-15 08:03:42'),(41,'ARSENIC INDEPENDENCE','A Fanciful Documentary of a Mad Cow And a Womanizer who must Find a Dentist in Berlin',2006,1,NULL,4,0.99,137,17.99,'PG','Trailers,Deleted Scenes,Behind the Scenes','2006-02-15 08:03:42'),(42,'ARTIST COLDBLOODED','A Stunning Reflection of a Robot And a Moose who must Challenge a Woman in California',2006,1,NULL,5,2.99,170,10.99,'NC-17','Trailers,Behind the Scenes','2006-02-15 08:03:42'),(43,'ATLANTIS CAUSE','A Thrilling Yarn of a Feminist And a Hunter who must Fight a Technical Writer in A Shark Tank',2006,1,NULL,6,2.99,170,15.99,'G','Behind the Scenes','2006-02-15 08:03:42'),(44,'ATTACKS HATE','A Fast-Paced Panorama of a Technical Writer And a Mad Scientist who must Find a Feminist in An Abandoned Mine Shaft',2006,1,NULL,5,4.99,113,21.99,'PG-13','Trailers,Behind the Scenes','2006-02-15 08:03:42'),(45,'ATTRACTION NEWTON','A Astounding Panorama of a Composer And a Frisbee who must Reach a Husband in Ancient Japan',2006,1,NULL,5,4.99,83,14.99,'PG-13','Trailers,Behind the Scenes','2006-02-15 08:03:42'),(46,'AUTUMN CROW','A Beautiful Tale of a Dentist And a Mad Cow who must Battle a Moose in The Sahara Desert',2006,1,NULL,3,4.99,108,13.99,'G','Trailers,Commentaries,Deleted Scenes,Behind the Scenes','2006-02-15 08:03:42'),(47,'BABY HALL','A Boring Character Study of a A Shark And a Girl who must Outrace a Feminist in An Abandoned Mine Shaft',2006,1,NULL,5,4.99,153,23.99,'NC-17','Commentaries','2006-02-15 08:03:42'),(48,'BACKLASH UNDEFEATED','A Stunning Character Study of a Mad Scientist And a Mad Cow who must Kill a Car in A Monastery',2006,1,NULL,3,4.99,118,24.99,'PG-13','Trailers,Behind the Scenes','2006-02-15 08:03:42'),(49,'BADMAN DAWN','A Emotional Panorama of a Pioneer And a Composer who must Escape a Mad Scientist in A Jet Boat',2006,1,NULL,6,2.99,162,22.99,'R','Trailers,Commentaries,Behind the Scenes','2006-02-15 08:03:42'),(50,'BAKED CLEOPATRA','A Stunning Drama of a Forensic Psychologist And a Husband who must Overcome a Waitress in A Monastery',2006,1,NULL,3,2.99,182,20.99,'G','Commentaries,Behind the Scenes','2006-02-15 08:03:42'),(51,'BALLOON HOMEWARD','A Insightful Panorama of a Forensic Psychologist And a Mad Cow who must Build a Mad Scientist in The First Manned Space Station',2006,1,NULL,5,2.99,75,10.99,'NC-17','Deleted Scenes','2006-02-15 08:03:42'),(52,'BALLROOM MOCKINGBIRD','A Thrilling Documentary of a Composer And a Monkey who must Find a Feminist in California',2006,1,NULL,6,0.99,173,29.99,'G','Commentaries,Deleted Scenes','2006-02-15 08:03:42'),(53,'BANG KWAI','A Epic Drama of a Madman And a Cat who must Face a A Shark in An Abandoned Amusement Park',2006,1,NULL,5,2.99,87,25.99,'NC-17','Commentaries,Deleted Scenes,Behind the Scenes','2006-02-15 08:03:42'),(54,'BANGER PINOCCHIO','A Awe-Inspiring Drama of a Car And a Pastry Chef who must Chase a Crocodile in The First Manned Space Station',2006,1,NULL,5,0.99,113,15.99,'R','Trailers,Commentaries,Deleted Scenes','2006-02-15 08:03:42'),(55,'BARBARELLA STREETCAR','A Awe-Inspiring Story of a Feminist And a Cat who must Conquer a Dog in A Monastery',2006,1,NULL,6,2.99,65,27.99,'G','Behind the Scenes','2006-02-15 08:03:42'),(56,'BAREFOOT MANCHURIAN','A Intrepid Story of a Cat And a Student who must Vanquish a Girl in An Abandoned Amusement Park',2006,1,NULL,6,2.99,129,15.99,'G','Trailers,Commentaries','2006-02-15 08:03:42'),(57,'BASIC EASY','A Stunning Epistle of a Man And a Husband who must Reach a Mad Scientist in A Jet Boat',2006,1,NULL,4,2.99,90,18.99,'PG-13','Deleted Scenes','2006-02-15 08:03:42'),(58,'BEACH HEARTBREAKERS','A Fateful Display of a Womanizer And a Mad Scientist who must Outgun a A Shark in Soviet Georgia',2006,1,NULL,6,2.99,122,16.99,'G','Deleted Scenes,Behind the Scenes','2006-02-15 08:03:42'),(59,'BEAR GRACELAND','A Astounding Saga of a Dog And a Boy who must Kill a Teacher in The First Manned Space Station',2006,1,NULL,4,2.99,160,20.99,'R','Deleted Scenes','2006-02-15 08:03:42'),(60,'BEAST HUNCHBACK','A Awe-Inspiring Epistle of a Student And a Squirrel who must Defeat a Boy in Ancient China',2006,1,NULL,3,4.99,89,22.99,'R','Deleted Scenes,Behind the Scenes','2006-02-15 08:03:42'),(61,'BEAUTY GREASE','A Fast-Paced Display of a Composer And a Moose who must Sink a Robot in An Abandoned Mine Shaft',2006,1,NULL,5,4.99,175,28.99,'G','Trailers,Commentaries','2006-02-15 08:03:42'),(62,'BED HIGHBALL','A Astounding Panorama of a Lumberjack And a Dog who must Redeem a Woman in An Abandoned Fun House',2006,1,NULL,5,2.99,106,23.99,'NC-17','Trailers,Commentaries,Deleted Scenes','2006-02-15 08:03:42'),(63,'BEDAZZLED MARRIED','A Astounding Character Study of a Madman And a Robot who must Meet a Mad Scientist in An Abandoned Fun House',2006,1,NULL,6,0.99,73,21.99,'PG','Trailers,Deleted Scenes,Behind the Scenes','2006-02-15 08:03:42'),(64,'BEETHOVEN EXORCIST','A Epic Display of a Pioneer And a Student who must Challenge a Butler in The Gulf of Mexico',2006,1,NULL,6,0.99,151,26.99,'PG-13','Commentaries,Behind the Scenes','2006-02-15 08:03:42'),(65,'BEHAVIOR RUNAWAY','A Unbelieveable Drama of a Student And a Husband who must Outrace a Sumo Wrestler in Berlin',2006,1,NULL,3,4.99,100,20.99,'PG','Trailers,Deleted Scenes,Behind the Scenes','2006-02-15 08:03:42'),(66,'BENEATH RUSH','A Astounding Panorama of a Man And a Monkey who must Discover a Man in The First Manned Space Station',2006,1,NULL,6,0.99,53,27.99,'NC-17','Commentaries,Deleted Scenes','2006-02-15 08:03:42'),(67,'BERETS AGENT','A Taut Saga of a Crocodile And a Boy who must Overcome a Technical Writer in Ancient China',2006,1,NULL,5,2.99,77,24.99,'PG-13','Deleted Scenes','2006-02-15 08:03:42'),(68,'BETRAYED REAR','A Emotional Character Study of a Boat And a Pioneer who must Find a Explorer in A Shark Tank',2006,1,NULL,5,4.99,122,26.99,'NC-17','Commentaries,Deleted Scenes,Behind the Scenes','2006-02-15 08:03:42'),(69,'BEVERLY OUTLAW','A Fanciful Documentary of a Womanizer And a Boat who must Defeat a Madman in The First Manned Space Station',2006,1,NULL,3,2.99,85,21.99,'R','Trailers','2006-02-15 08:03:42'),(70,'BIKINI BORROWERS','A Astounding Drama of a Astronaut And a Cat who must Discover a Woman in The First Manned Space Station',2006,1,NULL,7,4.99,142,26.99,'NC-17','Commentaries,Deleted Scenes','2006-02-15 08:03:42'),(71,'BILKO ANONYMOUS','A Emotional Reflection of a Teacher And a Man who must Meet a Cat in The First Manned Space Station',2006,1,NULL,3,4.99,100,25.99,'PG-13','Commentaries,Deleted Scenes,Behind the Scenes','2006-02-15 08:03:42'),(72,'BILL OTHERS','A Stunning Saga of a Mad Scientist And a Forensic Psychologist who must Challenge a Squirrel in A MySQL Convention',2006,1,NULL,6,2.99,93,12.99,'PG','Trailers,Commentaries','2006-02-15 08:03:42'),(73,'BINGO TALENTED','A Touching Tale of a Girl And a Crocodile who must Discover a Waitress in Nigeria',2006,1,NULL,5,2.99,150,22.99,'PG-13','Trailers,Commentaries','2006-02-15 08:03:42'),(74,'BIRCH ANTITRUST','A Fanciful Panorama of a Husband And a Pioneer who must Outgun a Dog in A Baloon',2006,1,NULL,4,4.99,162,18.99,'PG','Trailers,Commentaries,Deleted Scenes','2006-02-15 08:03:42'),(75,'BIRD INDEPENDENCE','A Thrilling Documentary of a Car And a Student who must Sink a Hunter in The Canadian Rockies',2006,1,NULL,6,4.99,163,14.99,'G','Commentaries,Behind the Scenes','2006-02-15 08:03:42'),(76,'BIRDCAGE CASPER','A Fast-Paced Saga of a Frisbee And a Astronaut who must Overcome a Feminist in Ancient India',2006,1,NULL,4,0.99,103,23.99,'NC-17','Commentaries,Deleted Scenes,Behind the Scenes','2006-02-15 08:03:42'),(77,'BIRDS PERDITION','A Boring Story of a Womanizer And a Pioneer who must Face a Dog in California',2006,1,NULL,5,4.99,61,15.99,'G','Trailers,Behind the Scenes','2006-02-15 08:03:42'),(78,'BLACKOUT PRIVATE','A Intrepid Yarn of a Pastry Chef And a Mad Scientist who must Challenge a Secret Agent in Ancient Japan',2006,1,NULL,7,2.99,85,12.99,'PG','Trailers,Deleted Scenes','2006-02-15 08:03:42'),(79,'BLADE POLISH','A Thoughtful Character Study of a Frisbee And a Pastry Chef who must Fight a Dentist in The First Manned Space Station',2006,1,NULL,5,0.99,114,10.99,'PG-13','Trailers,Behind the Scenes','2006-02-15 08:03:42'),(80,'BLANKET BEVERLY','A Emotional Documentary of a Student And a Girl who must Build a Boat in Nigeria',2006,1,NULL,7,2.99,148,21.99,'G','Trailers','2006-02-15 08:03:42'),(81,'BLINDNESS GUN','A Touching Drama of a Robot And a Dentist who must Meet a Hunter in A Jet Boat',2006,1,NULL,6,4.99,103,29.99,'PG-13','Trailers,Behind the Scenes','2006-02-15 08:03:42'),(82,'BLOOD ARGONAUTS','A Boring Drama of a Explorer And a Man who must Kill a Lumberjack in A Manhattan Penthouse',2006,1,NULL,3,0.99,71,13.99,'G','Trailers,Commentaries,Behind the Scenes','2006-02-15 08:03:42'),(83,'BLUES INSTINCT','A Insightful Documentary of a Boat And a Composer who must Meet a Forensic Psychologist in An Abandoned Fun House',2006,1,NULL,5,2.99,50,18.99,'G','Trailers,Deleted Scenes,Behind the Scenes','2006-02-15 08:03:42'),(84,'BOILED DARES','A Awe-Inspiring Story of a Waitress And a Dog who must Discover a Dentist in Ancient Japan',2006,1,NULL,7,4.99,102,13.99,'PG','Trailers,Commentaries','2006-02-15 08:03:42'),(85,'BONNIE HOLOCAUST','A Fast-Paced Story of a Crocodile And a Robot who must Find a Moose in Ancient Japan',2006,1,NULL,4,0.99,63,29.99,'G','Deleted Scenes','2006-02-15 08:03:42'),(86,'BOOGIE AMELIE','A Lacklusture Character Study of a Husband And a Sumo Wrestler who must Succumb a Technical Writer in The Gulf of Mexico',2006,1,NULL,6,4.99,121,11.99,'R','Commentaries,Behind the Scenes','2006-02-15 08:03:42'),(87,'BOONDOCK BALLROOM','A Fateful Panorama of a Crocodile And a Boy who must Defeat a Monkey in The Gulf of Mexico',2006,1,NULL,7,0.99,76,14.99,'NC-17','Behind the Scenes','2006-02-15 08:03:42'),(88,'BORN SPINAL','A Touching Epistle of a Frisbee And a Husband who must Pursue a Student in Nigeria',2006,1,NULL,7,4.99,179,17.99,'PG','Trailers,Commentaries,Deleted Scenes','2006-02-15 08:03:42'),(89,'BORROWERS BEDAZZLED','A Brilliant Epistle of a Teacher And a Sumo Wrestler who must Defeat a Man in An Abandoned Fun House',2006,1,NULL,7,0.99,63,22.99,'G','Commentaries,Deleted Scenes,Behind the Scenes','2006-02-15 08:03:42'),(90,'BOULEVARD MOB','A Fateful Epistle of a Moose And a Monkey who must Confront a Lumberjack in Ancient China',2006,1,NULL,3,0.99,63,11.99,'R','Trailers','2006-02-15 08:03:42'),(91,'BOUND CHEAPER','A Thrilling Panorama of a Database Administrator And a Astronaut who must Challenge a Lumberjack in A Baloon',2006,1,NULL,5,0.99,98,17.99,'PG','Behind the Scenes','2006-02-15 08:03:42'),(92,'BOWFINGER GABLES','A Fast-Paced Yarn of a Waitress And a Composer who must Outgun a Dentist in California',2006,1,NULL,7,4.99,72,19.99,'NC-17','Trailers,Deleted Scenes','2006-02-15 08:03:42'),(93,'BRANNIGAN SUNRISE','A Amazing Epistle of a Moose And a Crocodile who must Outrace a Dog in Berlin',2006,1,NULL,4,4.99,121,27.99,'PG','Trailers','2006-02-15 08:03:42'),(94,'BRAVEHEART HUMAN','A Insightful Story of a Dog And a Pastry Chef who must Battle a Girl in Berlin',2006,1,NULL,7,2.99,176,14.99,'PG-13','Trailers,Deleted Scenes','2006-02-15 08:03:42'),(95,'BREAKFAST GOLDFINGER','A Beautiful Reflection of a Student And a Student who must Fight a Moose in Berlin',2006,1,NULL,5,4.99,123,18.99,'G','Trailers,Commentaries,Deleted Scenes','2006-02-15 08:03:42'),(96,'BREAKING HOME','A Beautiful Display of a Secret Agent And a Monkey who must Battle a Sumo Wrestler in An Abandoned Mine Shaft',2006,1,NULL,4,2.99,169,21.99,'PG-13','Trailers,Commentaries','2006-02-15 08:03:42'),(97,'BRIDE INTRIGUE','A Epic Tale of a Robot And a Monkey who must Vanquish a Man in New Orleans',2006,1,NULL,7,0.99,56,24.99,'G','Trailers,Commentaries,Behind the Scenes','2006-02-15 08:03:42'),(98,'BRIGHT ENCOUNTERS','A Fateful Yarn of a Lumberjack And a Feminist who must Conquer a Student in A Jet Boat',2006,1,NULL,4,4.99,73,12.99,'PG-13','Trailers','2006-02-15 08:03:42'),(99,'BRINGING HYSTERICAL','A Fateful Saga of a A Shark And a Technical Writer who must Find a Woman in A Jet Boat',2006,1,NULL,7,2.99,136,14.99,'PG','Trailers','2006-02-15 08:03:42'),(100,'BROOKLYN DESERT','A Beautiful Drama of a Dentist And a Composer who must Battle a Sumo Wrestler in The First Manned Space Station',2006,1,NULL,7,4.99,161,21.99,'R','Commentaries','2006-02-15 08:03:42'),(101,'BROTHERHOOD BLANKET','A Fateful Character Study of a Butler And a Technical Writer who must Sink a Astronaut in Ancient Japan',2006,1,NULL,3,0.99,73,26.99,'R','Behind the Scenes','2006-02-15 08:03:42'),(102,'BUBBLE GROSSE','A Awe-Inspiring Panorama of a Crocodile And a Moose who must Confront a Girl in A Baloon',2006,1,NULL,4,4.99,60,20.99,'R','Trailers,Commentaries,Deleted Scenes,Behind the Scenes','2006-02-15 08:03:42'),(103,'BUCKET BROTHERHOOD','A Amazing Display of a Girl And a Womanizer who must Succumb a Lumberjack in A Baloon Factory',2006,1,NULL,7,4.99,133,27.99,'PG','Commentaries,Deleted Scenes','2006-02-15 08:03:42'),(104,'BUGSY SONG','A Awe-Inspiring Character Study of a Secret Agent And a Boat who must Find a Squirrel in The First Manned Space Station',2006,1,NULL,4,2.99,119,17.99,'G','Commentaries','2006-02-15 08:03:42'),(105,'BULL SHAWSHANK','A Fanciful Drama of a Moose And a Squirrel who must Conquer a Pioneer in The Canadian Rockies',2006,1,NULL,6,0.99,125,21.99,'NC-17','Deleted Scenes','2006-02-15 08:03:42'),(106,'BULWORTH COMMANDMENTS','A Amazing Display of a Mad Cow And a Pioneer who must Redeem a Sumo Wrestler in The Outback',2006,1,NULL,4,2.99,61,14.99,'G','Trailers','2006-02-15 08:03:42'),(107,'BUNCH MINDS','A Emotional Story of a Feminist And a Feminist who must Escape a Pastry Chef in A MySQL Convention',2006,1,NULL,4,2.99,63,13.99,'G','Behind the Scenes','2006-02-15 08:03:42'),(108,'BUTCH PANTHER','A Lacklusture Yarn of a Feminist And a Database Administrator who must Face a Hunter in New Orleans',2006,1,NULL,6,0.99,67,19.99,'PG-13','Trailers,Commentaries,Deleted Scenes','2006-02-15 08:03:42'),(109,'BUTTERFLY CHOCOLAT','A Fateful Story of a Girl And a Composer who must Conquer a Husband in A Shark Tank',2006,1,NULL,3,0.99,89,17.99,'G','Behind the Scenes','2006-02-15 08:03:42'),(110,'CABIN FLASH','A Stunning Epistle of a Boat And a Man who must Challenge a A Shark in A Baloon Factory',2006,1,NULL,4,0.99,53,25.99,'NC-17','Commentaries,Deleted Scenes','2006-02-15 08:03:42'),(111,'CADDYSHACK JEDI','A Awe-Inspiring Epistle of a Woman And a Madman who must Fight a Robot in Soviet Georgia',2006,1,NULL,3,0.99,52,17.99,'NC-17','Commentaries,Deleted Scenes','2006-02-15 08:03:42'),(112,'CALENDAR GUNFIGHT','A Thrilling Drama of a Frisbee And a Lumberjack who must Sink a Man in Nigeria',2006,1,NULL,4,4.99,120,22.99,'NC-17','Trailers,Commentaries,Behind the Scenes','2006-02-15 08:03:42'),(113,'CALIFORNIA BIRDS','A Thrilling Yarn of a Database Administrator And a Robot who must Battle a Database Administrator in Ancient India',2006,1,NULL,4,4.99,75,19.99,'NC-17','Trailers,Commentaries,Deleted Scenes','2006-02-15 08:03:42'),(114,'CAMELOT VACATION','A Touching Character Study of a Woman And a Waitress who must Battle a Pastry Chef in A MySQL Convention',2006,1,NULL,3,0.99,61,26.99,'NC-17','Trailers,Commentaries,Deleted Scenes,Behind the Scenes','2006-02-15 08:03:42'),(115,'CAMPUS REMEMBER','A Astounding Drama of a Crocodile And a Mad Cow who must Build a Robot in A Jet Boat',2006,1,NULL,5,2.99,167,27.99,'R','Behind the Scenes','2006-02-15 08:03:42'),(116,'CANDIDATE PERDITION','A Brilliant Epistle of a Composer And a Database Administrator who must Vanquish a Mad Scientist in The First Manned Space Station',2006,1,NULL,4,2.99,70,10.99,'R','Deleted Scenes,Behind the Scenes','2006-02-15 08:03:42'),(117,'CANDLES GRAPES','A Fanciful Character Study of a Monkey And a Explorer who must Build a Astronaut in An Abandoned Fun House',2006,1,NULL,6,4.99,135,15.99,'NC-17','Trailers,Deleted Scenes','2006-02-15 08:03:42'),(118,'CANYON STOCK','A Thoughtful Reflection of a Waitress And a Feminist who must Escape a Squirrel in A Manhattan Penthouse',2006,1,NULL,7,0.99,85,26.99,'R','Trailers,Deleted Scenes','2006-02-15 08:03:42'),(119,'CAPER MOTIONS','A Fateful Saga of a Moose And a Car who must Pursue a Woman in A MySQL Convention',2006,1,NULL,6,0.99,176,22.99,'G','Trailers,Commentaries,Deleted Scenes','2006-02-15 08:03:42'),(120,'CARIBBEAN LIBERTY','A Fanciful Tale of a Pioneer And a Technical Writer who must Outgun a Pioneer in A Shark Tank',2006,1,NULL,3,4.99,92,16.99,'NC-17','Commentaries,Deleted Scenes','2006-02-15 08:03:42'),(121,'CAROL TEXAS','A Astounding Character Study of a Composer And a Student who must Overcome a Composer in A Monastery',2006,1,NULL,4,2.99,151,15.99,'PG','Trailers,Behind the Scenes','2006-02-15 08:03:42'),(122,'CARRIE BUNCH','A Amazing Epistle of a Student And a Astronaut who must Discover a Frisbee in The Canadian Rockies',2006,1,NULL,7,0.99,114,11.99,'PG','Trailers,Commentaries,Behind the Scenes','2006-02-15 08:03:42'),(123,'CASABLANCA SUPER','A Amazing Panorama of a Crocodile And a Forensic Psychologist who must Pursue a Secret Agent in The First Manned Space Station',2006,1,NULL,6,4.99,85,22.99,'G','Trailers,Deleted Scenes,Behind the Scenes','2006-02-15 08:03:42'),(124,'CASPER DRAGONFLY','A Intrepid Documentary of a Boat And a Crocodile who must Chase a Robot in The Sahara Desert',2006,1,NULL,3,4.99,163,16.99,'PG-13','Trailers','2006-02-15 08:03:42'),(125,'CASSIDY WYOMING','A Intrepid Drama of a Frisbee And a Hunter who must Kill a Secret Agent in New Orleans',2006,1,NULL,5,2.99,61,19.99,'NC-17','Commentaries,Behind the Scenes','2006-02-15 08:03:42'),(126,'CASUALTIES ENCINO','A Insightful Yarn of a A Shark And a Pastry Chef who must Face a Boy in A Monastery',2006,1,NULL,3,4.99,179,16.99,'G','Trailers','2006-02-15 08:03:42'),(127,'CAT CONEHEADS','A Fast-Paced Panorama of a Girl And a A Shark who must Confront a Boy in Ancient India',2006,1,NULL,5,4.99,112,14.99,'G','Commentaries,Deleted Scenes','2006-02-15 08:03:42'),(128,'CATCH AMISTAD','A Boring Reflection of a Lumberjack And a Feminist who must Discover a Woman in Nigeria',2006,1,NULL,7,0.99,183,10.99,'G','Trailers,Behind the Scenes','2006-02-15 08:03:42'),(129,'CAUSE DATE','A Taut Tale of a Explorer And a Pastry Chef who must Conquer a Hunter in A MySQL Convention',2006,1,NULL,3,2.99,179,16.99,'R','Commentaries,Deleted Scenes,Behind the Scenes','2006-02-15 08:03:42'),(130,'CELEBRITY HORN','A Amazing Documentary of a Secret Agent And a Astronaut who must Vanquish a Hunter in A Shark Tank',2006,1,NULL,7,0.99,110,24.99,'PG-13','Deleted Scenes,Behind the Scenes','2006-02-15 08:03:42'),(131,'CENTER DINOSAUR','A Beautiful Character Study of a Sumo Wrestler And a Dentist who must Find a Dog in California',2006,1,NULL,5,4.99,152,12.99,'PG','Deleted Scenes','2006-02-15 08:03:42'),(132,'CHAINSAW UPTOWN','A Beautiful Documentary of a Boy And a Robot who must Discover a Squirrel in Australia',2006,1,NULL,6,0.99,114,25.99,'PG','Deleted Scenes,Behind the Scenes','2006-02-15 08:03:42'),(133,'CHAMBER ITALIAN','A Fateful Reflection of a Moose And a Husband who must Overcome a Monkey in Nigeria',2006,1,NULL,7,4.99,117,14.99,'NC-17','Trailers','2006-02-15 08:03:42'),(134,'CHAMPION FLATLINERS','A Amazing Story of a Mad Cow And a Dog who must Kill a Husband in A Monastery',2006,1,NULL,4,4.99,51,21.99,'PG','Trailers','2006-02-15 08:03:42'),(135,'CHANCE RESURRECTION','A Astounding Story of a Forensic Psychologist And a Forensic Psychologist who must Overcome a Moose in Ancient China',2006,1,NULL,3,2.99,70,22.99,'R','Commentaries,Deleted Scenes,Behind the Scenes','2006-02-15 08:03:42'),(136,'CHAPLIN LICENSE','A Boring Drama of a Dog And a Forensic Psychologist who must Outrace a Explorer in Ancient India',2006,1,NULL,7,2.99,146,26.99,'NC-17','Behind the Scenes','2006-02-15 08:03:42'),(137,'CHARADE DUFFEL','A Action-Packed Display of a Man And a Waitress who must Build a Dog in A MySQL Convention',2006,1,NULL,3,2.99,66,21.99,'PG','Trailers,Deleted Scenes,Behind the Scenes','2006-02-15 08:03:42'),(138,'CHARIOTS CONSPIRACY','A Unbelieveable Epistle of a Robot And a Husband who must Chase a Robot in The First Manned Space Station',2006,1,NULL,5,2.99,71,29.99,'R','Deleted Scenes,Behind the Scenes','2006-02-15 08:03:42'),(139,'CHASING FIGHT','A Astounding Saga of a Technical Writer And a Butler who must Battle a Butler in A Shark Tank',2006,1,NULL,7,4.99,114,21.99,'PG','Trailers,Commentaries','2006-02-15 08:03:42'),(140,'CHEAPER CLYDE','A Emotional Character Study of a Pioneer And a Girl who must Discover a Dog in Ancient Japan',2006,1,NULL,6,0.99,87,23.99,'G','Trailers,Commentaries,Behind the Scenes','2006-02-15 08:03:42'),(141,'CHICAGO NORTH','A Fateful Yarn of a Mad Cow And a Waitress who must Battle a Student in California',2006,1,NULL,6,4.99,185,11.99,'PG-13','Deleted Scenes,Behind the Scenes','2006-02-15 08:03:42'),(142,'CHICKEN HELLFIGHTERS','A Emotional Drama of a Dog And a Explorer who must Outrace a Technical Writer in Australia',2006,1,NULL,3,0.99,122,24.99,'PG','Trailers,Commentaries,Deleted Scenes,Behind the Scenes','2006-02-15 08:03:42'),(143,'CHILL LUCK','A Lacklusture Epistle of a Boat And a Technical Writer who must Fight a A Shark in The Canadian Rockies',2006,1,NULL,6,0.99,142,17.99,'PG','Trailers,Commentaries,Deleted Scenes','2006-02-15 08:03:42'),(144,'CHINATOWN GLADIATOR','A Brilliant Panorama of a Technical Writer And a Lumberjack who must Escape a Butler in Ancient India',2006,1,NULL,7,4.99,61,24.99,'PG','Trailers,Commentaries,Deleted Scenes','2006-02-15 08:03:42'),(145,'CHISUM BEHAVIOR','A Epic Documentary of a Sumo Wrestler And a Butler who must Kill a Car in Ancient India',2006,1,NULL,5,4.99,124,25.99,'G','Trailers,Commentaries,Behind the Scenes','2006-02-15 08:03:42'),(146,'CHITTY LOCK','A Boring Epistle of a Boat And a Database Administrator who must Kill a Sumo Wrestler in The First Manned Space Station',2006,1,NULL,6,2.99,107,24.99,'G','Commentaries','2006-02-15 08:03:42'),(147,'CHOCOLAT HARRY','A Action-Packed Epistle of a Dentist And a Moose who must Meet a Mad Cow in Ancient Japan',2006,1,NULL,5,0.99,101,16.99,'NC-17','Commentaries,Behind the Scenes','2006-02-15 08:03:42'),(148,'CHOCOLATE DUCK','A Unbelieveable Story of a Mad Scientist And a Technical Writer who must Discover a Composer in Ancient China',2006,1,NULL,3,2.99,132,13.99,'R','Trailers,Commentaries,Behind the Scenes','2006-02-15 08:03:42'),(149,'CHRISTMAS MOONSHINE','A Action-Packed Epistle of a Feminist And a Astronaut who must Conquer a Boat in A Manhattan Penthouse',2006,1,NULL,7,0.99,150,21.99,'NC-17','Trailers,Commentaries,Behind the Scenes','2006-02-15 08:03:42'),(150,'CIDER DESIRE','A Stunning Character Study of a Composer And a Mad Cow who must Succumb a Cat in Soviet Georgia',2006,1,NULL,7,2.99,101,9.99,'PG','Behind the Scenes','2006-02-15 08:03:42'),(151,'CINCINATTI WHISPERER','A Brilliant Saga of a Pastry Chef And a Hunter who must Confront a Butler in Berlin',2006,1,NULL,5,4.99,143,26.99,'NC-17','Deleted Scenes','2006-02-15 08:03:42'),(152,'CIRCUS YOUTH','A Thoughtful Drama of a Pastry Chef And a Dentist who must Pursue a Girl in A Baloon',2006,1,NULL,5,2.99,90,13.99,'PG-13','Trailers,Deleted Scenes,Behind the Scenes','2006-02-15 08:03:42'),(153,'CITIZEN SHREK','A Fanciful Character Study of a Technical Writer And a Husband who must Redeem a Robot in The Outback',2006,1,NULL,7,0.99,165,18.99,'G','Commentaries,Deleted Scenes','2006-02-15 08:03:42'),(154,'CLASH FREDDY','A Amazing Yarn of a Composer And a Squirrel who must Escape a Astronaut in Australia',2006,1,NULL,6,2.99,81,12.99,'G','Commentaries,Deleted Scenes','2006-02-15 08:03:42'),(155,'CLEOPATRA DEVIL','A Fanciful Documentary of a Crocodile And a Technical Writer who must Fight a A Shark in A Baloon',2006,1,NULL,6,0.99,150,26.99,'PG-13','Trailers,Deleted Scenes,Behind the Scenes','2006-02-15 08:03:42'),(156,'CLERKS ANGELS','A Thrilling Display of a Sumo Wrestler And a Girl who must Confront a Man in A Baloon',2006,1,NULL,3,4.99,164,15.99,'G','Commentaries','2006-02-15 08:03:42'),(157,'CLOCKWORK PARADISE','A Insightful Documentary of a Technical Writer And a Feminist who must Challenge a Cat in A Baloon',2006,1,NULL,7,0.99,143,29.99,'PG-13','Trailers,Commentaries,Deleted Scenes,Behind the Scenes','2006-02-15 08:03:42'),(158,'CLONES PINOCCHIO','A Amazing Drama of a Car And a Robot who must Pursue a Dentist in New Orleans',2006,1,NULL,6,2.99,124,16.99,'R','Behind the Scenes','2006-02-15 08:03:42'),(159,'CLOSER BANG','A Unbelieveable Panorama of a Frisbee And a Hunter who must Vanquish a Monkey in Ancient India',2006,1,NULL,5,4.99,58,12.99,'R','Trailers,Behind the Scenes','2006-02-15 08:03:42'),(160,'CLUB GRAFFITI','A Epic Tale of a Pioneer And a Hunter who must Escape a Girl in A U-Boat',2006,1,NULL,4,0.99,65,12.99,'PG-13','Trailers,Deleted Scenes','2006-02-15 08:03:42'),(161,'CLUE GRAIL','A Taut Tale of a Butler And a Mad Scientist who must Build a Crocodile in Ancient China',2006,1,NULL,6,4.99,70,27.99,'NC-17','Trailers,Commentaries,Behind the Scenes','2006-02-15 08:03:42'),(162,'CLUELESS BUCKET','A Taut Tale of a Car And a Pioneer who must Conquer a Sumo Wrestler in An Abandoned Fun House',2006,1,NULL,4,2.99,95,13.99,'R','Trailers,Deleted Scenes,Behind the Scenes','2006-02-15 08:03:42'),(163,'CLYDE THEORY','A Beautiful Yarn of a Astronaut And a Frisbee who must Overcome a Explorer in A Jet Boat',2006,1,NULL,4,0.99,139,29.99,'PG-13','Commentaries,Deleted Scenes,Behind the Scenes','2006-02-15 08:03:42'),(164,'COAST RAINBOW','A Astounding Documentary of a Mad Cow And a Pioneer who must Challenge a Butler in The Sahara Desert',2006,1,NULL,4,0.99,55,20.99,'PG','Trailers,Commentaries,Deleted Scenes,Behind the Scenes','2006-02-15 08:03:42'),(165,'COLDBLOODED DARLING','A Brilliant Panorama of a Dentist And a Moose who must Find a Student in The Gulf of Mexico',2006,1,NULL,7,4.99,70,27.99,'G','Trailers,Deleted Scenes','2006-02-15 08:03:42'),(166,'COLOR PHILADELPHIA','A Thoughtful Panorama of a Car And a Crocodile who must Sink a Monkey in The Sahara Desert',2006,1,NULL,6,2.99,149,19.99,'G','Commentaries,Behind the Scenes','2006-02-15 08:03:42'),(167,'COMA HEAD','A Awe-Inspiring Drama of a Boy And a Frisbee who must Escape a Pastry Chef in California',2006,1,NULL,6,4.99,109,10.99,'NC-17','Commentaries','2006-02-15 08:03:42'),(168,'COMANCHEROS ENEMY','A Boring Saga of a Lumberjack And a Monkey who must Find a Monkey in The Gulf of Mexico',2006,1,NULL,5,0.99,67,23.99,'R','Trailers,Behind the Scenes','2006-02-15 08:03:42'),(169,'COMFORTS RUSH','A Unbelieveable Panorama of a Pioneer And a Husband who must Meet a Mad Cow in An Abandoned Mine Shaft',2006,1,NULL,3,2.99,76,19.99,'NC-17','Commentaries,Behind the Scenes','2006-02-15 08:03:42'),(170,'COMMAND DARLING','A Awe-Inspiring Tale of a Forensic Psychologist And a Woman who must Challenge a Database Administrator in Ancient Japan',2006,1,NULL,5,4.99,120,28.99,'PG-13','Behind the Scenes','2006-02-15 08:03:42'),(171,'COMMANDMENTS EXPRESS','A Fanciful Saga of a Student And a Mad Scientist who must Battle a Hunter in An Abandoned Mine Shaft',2006,1,NULL,6,4.99,59,13.99,'R','Trailers,Commentaries,Deleted Scenes','2006-02-15 08:03:42'),(172,'CONEHEADS SMOOCHY','A Touching Story of a Womanizer And a Composer who must Pursue a Husband in Nigeria',2006,1,NULL,7,4.99,112,12.99,'NC-17','Deleted Scenes,Behind the Scenes','2006-02-15 08:03:42'),(173,'CONFESSIONS MAGUIRE','A Insightful Story of a Car And a Boy who must Battle a Technical Writer in A Baloon',2006,1,NULL,7,4.99,65,25.99,'PG-13','Behind the Scenes','2006-02-15 08:03:42'),(174,'CONFIDENTIAL INTERVIEW','A Stunning Reflection of a Cat And a Woman who must Find a Astronaut in Ancient Japan',2006,1,NULL,6,4.99,180,13.99,'NC-17','Commentaries','2006-02-15 08:03:42'),(175,'CONFUSED CANDLES','A Stunning Epistle of a Cat And a Forensic Psychologist who must Confront a Pioneer in A Baloon',2006,1,NULL,3,2.99,122,27.99,'PG-13','Trailers,Commentaries,Deleted Scenes,Behind the Scenes','2006-02-15 08:03:42'),(176,'CONGENIALITY QUEST','A Touching Documentary of a Cat And a Pastry Chef who must Find a Lumberjack in A Baloon',2006,1,NULL,6,0.99,87,21.99,'PG-13','Commentaries,Behind the Scenes','2006-02-15 08:03:42'),(177,'CONNECTICUT TRAMP','A Unbelieveable Drama of a Crocodile And a Mad Cow who must Reach a Dentist in A Shark Tank',2006,1,NULL,4,4.99,172,20.99,'R','Commentaries,Deleted Scenes','2006-02-15 08:03:42'),(178,'CONNECTION MICROCOSMOS','A Fateful Documentary of a Crocodile And a Husband who must Face a Husband in The First Manned Space Station',2006,1,NULL,6,0.99,115,25.99,'G','Deleted Scenes,Behind the Scenes','2006-02-15 08:03:42'),(179,'CONQUERER NUTS','A Taut Drama of a Mad Scientist And a Man who must Escape a Pioneer in An Abandoned Mine Shaft',2006,1,NULL,4,4.99,173,14.99,'G','Commentaries,Deleted Scenes,Behind the Scenes','2006-02-15 08:03:42'),(180,'CONSPIRACY SPIRIT','A Awe-Inspiring Story of a Student And a Frisbee who must Conquer a Crocodile in An Abandoned Mine Shaft',2006,1,NULL,4,2.99,184,27.99,'PG-13','Trailers,Commentaries','2006-02-15 08:03:42'),(181,'CONTACT ANONYMOUS','A Insightful Display of a A Shark And a Monkey who must Face a Database Administrator in Ancient India',2006,1,NULL,7,2.99,166,10.99,'PG-13','Commentaries','2006-02-15 08:03:42'),(182,'CONTROL ANTHEM','A Fateful Documentary of a Robot And a Student who must Battle a Cat in A Monastery',2006,1,NULL,7,4.99,185,9.99,'G','Commentaries','2006-02-15 08:03:42'),(183,'CONVERSATION DOWNHILL','A Taut Character Study of a Husband And a Waitress who must Sink a Squirrel in A MySQL Convention',2006,1,NULL,4,4.99,112,14.99,'R','Commentaries','2006-02-15 08:03:42'),(184,'CORE SUIT','A Unbelieveable Tale of a Car And a Explorer who must Confront a Boat in A Manhattan Penthouse',2006,1,NULL,3,2.99,92,24.99,'PG-13','Deleted Scenes','2006-02-15 08:03:42'),(185,'COWBOY DOOM','A Astounding Drama of a Boy And a Lumberjack who must Fight a Butler in A Baloon',2006,1,NULL,3,2.99,146,10.99,'PG','Commentaries,Deleted Scenes,Behind the Scenes','2006-02-15 08:03:42'),(186,'CRAFT OUTFIELD','A Lacklusture Display of a Explorer And a Hunter who must Succumb a Database Administrator in A Baloon Factory',2006,1,NULL,6,0.99,64,17.99,'NC-17','Deleted Scenes,Behind the Scenes','2006-02-15 08:03:42'),(187,'CRANES RESERVOIR','A Fanciful Documentary of a Teacher And a Dog who must Outgun a Forensic Psychologist in A Baloon Factory',2006,1,NULL,5,2.99,57,12.99,'NC-17','Commentaries','2006-02-15 08:03:42'),(188,'CRAZY HOME','A Fanciful Panorama of a Boy And a Woman who must Vanquish a Database Administrator in The Outback',2006,1,NULL,7,2.99,136,24.99,'PG','Commentaries,Deleted Scenes','2006-02-15 08:03:42'),(189,'CREATURES SHAKESPEARE','A Emotional Drama of a Womanizer And a Squirrel who must Vanquish a Crocodile in Ancient India',2006,1,NULL,3,0.99,139,23.99,'NC-17','Trailers,Deleted Scenes','2006-02-15 08:03:42'),(190,'CREEPERS KANE','A Awe-Inspiring Reflection of a Squirrel And a Boat who must Outrace a Car in A Jet Boat',2006,1,NULL,5,4.99,172,23.99,'NC-17','Trailers,Behind the Scenes','2006-02-15 08:03:42'),(191,'CROOKED FROGMEN','A Unbelieveable Drama of a Hunter And a Database Administrator who must Battle a Crocodile in An Abandoned Amusement Park',2006,1,NULL,6,0.99,143,27.99,'PG-13','Commentaries,Deleted Scenes,Behind the Scenes','2006-02-15 08:03:42'),(192,'CROSSING DIVORCE','A Beautiful Documentary of a Dog And a Robot who must Redeem a Womanizer in Berlin',2006,1,NULL,4,4.99,50,19.99,'R','Commentaries,Deleted Scenes,Behind the Scenes','2006-02-15 08:03:42'),(193,'CROSSROADS CASUALTIES','A Intrepid Documentary of a Sumo Wrestler And a Astronaut who must Battle a Composer in The Outback',2006,1,NULL,5,2.99,153,20.99,'G','Trailers,Commentaries,Behind the Scenes','2006-02-15 08:03:42'),(194,'CROW GREASE','A Awe-Inspiring Documentary of a Woman And a Husband who must Sink a Database Administrator in The First Manned Space Station',2006,1,NULL,6,0.99,104,22.99,'PG','Trailers,Commentaries,Behind the Scenes','2006-02-15 08:03:42'),(195,'CROWDS TELEMARK','A Intrepid Documentary of a Astronaut And a Forensic Psychologist who must Find a Frisbee in An Abandoned Fun House',2006,1,NULL,3,4.99,112,16.99,'R','Trailers,Behind the Scenes','2006-02-15 08:03:42'),(196,'CRUELTY UNFORGIVEN','A Brilliant Tale of a Car And a Moose who must Battle a Dentist in Nigeria',2006,1,NULL,7,0.99,69,29.99,'G','Deleted Scenes,Behind the Scenes','2006-02-15 08:03:42'),(197,'CRUSADE HONEY','A Fast-Paced Reflection of a Explorer And a Butler who must Battle a Madman in An Abandoned Amusement Park',2006,1,NULL,4,2.99,112,27.99,'R','Commentaries','2006-02-15 08:03:42'),(198,'CRYSTAL BREAKING','A Fast-Paced Character Study of a Feminist And a Explorer who must Face a Pastry Chef in Ancient Japan',2006,1,NULL,6,2.99,184,22.99,'NC-17','Trailers,Commentaries','2006-02-15 08:03:42'),(199,'CUPBOARD SINNERS','A Emotional Reflection of a Frisbee And a Boat who must Reach a Pastry Chef in An Abandoned Amusement Park',2006,1,NULL,4,2.99,56,29.99,'R','Behind the Scenes','2006-02-15 08:03:42'),(200,'CURTAIN VIDEOTAPE','A Boring Reflection of a Dentist And a Mad Cow who must Chase a Secret Agent in A Shark Tank',2006,1,NULL,7,0.99,133,27.99,'PG-13','Trailers,Commentaries,Deleted Scenes,Behind the Scenes','2006-02-15 08:03:42'),(201,'CYCLONE FAMILY','A Lacklusture Drama of a Student And a Monkey who must Sink a Womanizer in A MySQL Convention',2006,1,NULL,7,2.99,176,18.99,'PG','Trailers,Deleted Scenes','2006-02-15 08:03:42'),(202,'DADDY PITTSBURGH','A Epic Story of a A Shark And a Student who must Confront a Explorer in The Gulf of Mexico',2006,1,NULL,5,4.99,161,26.99,'G','Deleted Scenes,Behind the Scenes','2006-02-15 08:03:42'),(203,'DAISY MENAGERIE','A Fast-Paced Saga of a Pastry Chef And a Monkey who must Sink a Composer in Ancient India',2006,1,NULL,5,4.99,84,9.99,'G','Trailers,Commentaries,Behind the Scenes','2006-02-15 08:03:42'),(204,'DALMATIONS SWEDEN','A Emotional Epistle of a Moose And a Hunter who must Overcome a Robot in A Manhattan Penthouse',2006,1,NULL,4,0.99,106,25.99,'PG','Trailers,Commentaries,Deleted Scenes','2006-02-15 08:03:42'),(205,'DANCES NONE','A Insightful Reflection of a A Shark And a Dog who must Kill a Butler in An Abandoned Amusement Park',2006,1,NULL,3,0.99,58,22.99,'NC-17','Trailers,Commentaries,Deleted Scenes,Behind the Scenes','2006-02-15 08:03:42'),(206,'DANCING FEVER','A Stunning Story of a Explorer And a Forensic Psychologist who must Face a Crocodile in A Shark Tank',2006,1,NULL,6,0.99,144,25.99,'G','Commentaries,Behind the Scenes','2006-02-15 08:03:42'),(207,'DANGEROUS UPTOWN','A Unbelieveable Story of a Mad Scientist And a Woman who must Overcome a Dog in California',2006,1,NULL,7,4.99,121,26.99,'PG','Commentaries','2006-02-15 08:03:42'),(208,'DARES PLUTO','A Fateful Story of a Robot And a Dentist who must Defeat a Astronaut in New Orleans',2006,1,NULL,7,2.99,89,16.99,'PG-13','Commentaries,Behind the Scenes','2006-02-15 08:03:42'),(209,'DARKNESS WAR','A Touching Documentary of a Husband And a Hunter who must Escape a Boy in The Sahara Desert',2006,1,NULL,6,2.99,99,24.99,'NC-17','Deleted Scenes,Behind the Scenes','2006-02-15 08:03:42'),(210,'DARKO DORADO','A Stunning Reflection of a Frisbee And a Husband who must Redeem a Dog in New Orleans',2006,1,NULL,3,4.99,130,13.99,'NC-17','Trailers,Commentaries,Deleted Scenes,Behind the Scenes','2006-02-15 08:03:42'),(211,'DARLING BREAKING','A Brilliant Documentary of a Astronaut And a Squirrel who must Succumb a Student in The Gulf of Mexico',2006,1,NULL,7,4.99,165,20.99,'PG-13','Commentaries,Behind the Scenes','2006-02-15 08:03:42'),(212,'DARN FORRESTER','A Fateful Story of a A Shark And a Explorer who must Succumb a Technical Writer in A Jet Boat',2006,1,NULL,7,4.99,185,14.99,'G','Deleted Scenes','2006-02-15 08:03:42'),(213,'DATE SPEED','A Touching Saga of a Composer And a Moose who must Discover a Dentist in A MySQL Convention',2006,1,NULL,4,0.99,104,19.99,'R','Commentaries','2006-02-15 08:03:42'),(214,'DAUGHTER MADIGAN','A Beautiful Tale of a Hunter And a Mad Scientist who must Confront a Squirrel in The First Manned Space Station',2006,1,NULL,3,4.99,59,13.99,'PG-13','Trailers','2006-02-15 08:03:42'),(215,'DAWN POND','A Thoughtful Documentary of a Dentist And a Forensic Psychologist who must Defeat a Waitress in Berlin',2006,1,NULL,4,4.99,57,27.99,'PG','Trailers,Deleted Scenes,Behind the Scenes','2006-02-15 08:03:42'),(216,'DAY UNFAITHFUL','A Stunning Documentary of a Composer And a Mad Scientist who must Find a Technical Writer in A U-Boat',2006,1,NULL,3,4.99,113,16.99,'G','Trailers,Commentaries,Deleted Scenes,Behind the Scenes','2006-02-15 08:03:42'),(217,'DAZED PUNK','A Action-Packed Story of a Pioneer And a Technical Writer who must Discover a Forensic Psychologist in An Abandoned Amusement Park',2006,1,NULL,6,4.99,120,20.99,'G','Commentaries,Deleted Scenes','2006-02-15 08:03:42'),(218,'DECEIVER BETRAYED','A Taut Story of a Moose And a Squirrel who must Build a Husband in Ancient India',2006,1,NULL,7,0.99,122,22.99,'NC-17','Trailers,Commentaries,Deleted Scenes,Behind the Scenes','2006-02-15 08:03:42'),(219,'DEEP CRUSADE','A Amazing Tale of a Crocodile And a Squirrel who must Discover a Composer in Australia',2006,1,NULL,6,4.99,51,20.99,'PG-13','Commentaries,Behind the Scenes','2006-02-15 08:03:42'),(220,'DEER VIRGINIAN','A Thoughtful Story of a Mad Cow And a Womanizer who must Overcome a Mad Scientist in Soviet Georgia',2006,1,NULL,7,2.99,106,13.99,'NC-17','Deleted Scenes','2006-02-15 08:03:42'),(221,'DELIVERANCE MULHOLLAND','A Astounding Saga of a Monkey And a Moose who must Conquer a Butler in A Shark Tank',2006,1,NULL,4,0.99,100,9.99,'R','Deleted Scenes','2006-02-15 08:03:42'),(222,'DESERT POSEIDON','A Brilliant Documentary of a Butler And a Frisbee who must Build a Astronaut in New Orleans',2006,1,NULL,4,4.99,64,27.99,'R','Trailers,Behind the Scenes','2006-02-15 08:03:42'),(223,'DESIRE ALIEN','A Fast-Paced Tale of a Dog And a Forensic Psychologist who must Meet a Astronaut in The First Manned Space Station',2006,1,NULL,7,2.99,76,24.99,'NC-17','Deleted Scenes','2006-02-15 08:03:42'),(224,'DESPERATE TRAINSPOTTING','A Epic Yarn of a Forensic Psychologist And a Teacher who must Face a Lumberjack in California',2006,1,NULL,7,4.99,81,29.99,'G','Deleted Scenes','2006-02-15 08:03:42'),(225,'DESTINATION JERK','A Beautiful Yarn of a Teacher And a Cat who must Build a Car in A U-Boat',2006,1,NULL,3,0.99,76,19.99,'PG-13','Trailers,Commentaries,Behind the Scenes','2006-02-15 08:03:42'),(226,'DESTINY SATURDAY','A Touching Drama of a Crocodile And a Crocodile who must Conquer a Explorer in Soviet Georgia',2006,1,NULL,4,4.99,56,20.99,'G','Trailers,Commentaries,Behind the Scenes','2006-02-15 08:03:42'),(227,'DETAILS PACKER','A Epic Saga of a Waitress And a Composer who must Face a Boat in A U-Boat',2006,1,NULL,4,4.99,88,17.99,'R','Commentaries,Deleted Scenes','2006-02-15 08:03:42'),(228,'DETECTIVE VISION','A Fanciful Documentary of a Pioneer And a Woman who must Redeem a Hunter in Ancient Japan',2006,1,NULL,4,0.99,143,16.99,'PG-13','Trailers,Commentaries,Behind the Scenes','2006-02-15 08:03:42'),(229,'DEVIL DESIRE','A Beautiful Reflection of a Monkey And a Dentist who must Face a Database Administrator in Ancient Japan',2006,1,NULL,6,4.99,87,12.99,'R','Trailers,Behind the Scenes','2006-02-15 08:03:42'),(230,'DIARY PANIC','A Thoughtful Character Study of a Frisbee And a Mad Cow who must Outgun a Man in Ancient India',2006,1,NULL,7,2.99,107,20.99,'G','Commentaries,Behind the Scenes','2006-02-15 08:03:42'),(231,'DINOSAUR SECRETARY','A Action-Packed Drama of a Feminist And a Girl who must Reach a Robot in The Canadian Rockies',2006,1,NULL,7,2.99,63,27.99,'R','Trailers,Behind the Scenes','2006-02-15 08:03:42'),(232,'DIRTY ACE','A Action-Packed Character Study of a Forensic Psychologist And a Girl who must Build a Dentist in The Outback',2006,1,NULL,7,2.99,147,29.99,'NC-17','Commentaries,Deleted Scenes,Behind the Scenes','2006-02-15 08:03:42'),(233,'DISCIPLE MOTHER','A Touching Reflection of a Mad Scientist And a Boat who must Face a Moose in A Shark Tank',2006,1,NULL,3,0.99,141,17.99,'PG','Trailers,Deleted Scenes,Behind the Scenes','2006-02-15 08:03:42'),(234,'DISTURBING SCARFACE','A Lacklusture Display of a Crocodile And a Butler who must Overcome a Monkey in A U-Boat',2006,1,NULL,6,2.99,94,27.99,'R','Trailers,Behind the Scenes','2006-02-15 08:03:42'),(235,'DIVIDE MONSTER','A Intrepid Saga of a Man And a Forensic Psychologist who must Reach a Squirrel in A Monastery',2006,1,NULL,6,2.99,68,13.99,'PG-13','Trailers,Commentaries','2006-02-15 08:03:42'),(236,'DIVINE RESURRECTION','A Boring Character Study of a Man And a Womanizer who must Succumb a Teacher in An Abandoned Amusement Park',2006,1,NULL,4,2.99,100,19.99,'R','Trailers,Commentaries','2006-02-15 08:03:42'),(237,'DIVORCE SHINING','A Unbelieveable Saga of a Crocodile And a Student who must Discover a Cat in Ancient India',2006,1,NULL,3,2.99,47,21.99,'G','Trailers,Commentaries,Deleted Scenes','2006-02-15 08:03:42'),(238,'DOCTOR GRAIL','A Insightful Drama of a Womanizer And a Waitress who must Reach a Forensic Psychologist in The Outback',2006,1,NULL,4,2.99,57,29.99,'G','Trailers,Commentaries,Behind the Scenes','2006-02-15 08:03:42'),(239,'DOGMA FAMILY','A Brilliant Character Study of a Database Administrator And a Monkey who must Succumb a Astronaut in New Orleans',2006,1,NULL,5,4.99,122,16.99,'G','Commentaries','2006-02-15 08:03:42'),(240,'DOLLS RAGE','A Thrilling Display of a Pioneer And a Frisbee who must Escape a Teacher in The Outback',2006,1,NULL,7,2.99,120,10.99,'PG-13','Commentaries,Deleted Scenes','2006-02-15 08:03:42'),(241,'DONNIE ALLEY','A Awe-Inspiring Tale of a Butler And a Frisbee who must Vanquish a Teacher in Ancient Japan',2006,1,NULL,4,0.99,125,20.99,'NC-17','Trailers,Commentaries,Behind the Scenes','2006-02-15 08:03:42'),(242,'DOOM DANCING','A Astounding Panorama of a Car And a Mad Scientist who must Battle a Lumberjack in A MySQL Convention',2006,1,NULL,4,0.99,68,13.99,'R','Trailers,Commentaries','2006-02-15 08:03:42'),(243,'DOORS PRESIDENT','A Awe-Inspiring Display of a Squirrel And a Woman who must Overcome a Boy in The Gulf of Mexico',2006,1,NULL,3,4.99,49,22.99,'NC-17','Trailers,Commentaries,Deleted Scenes,Behind the Scenes','2006-02-15 08:03:42'),(244,'DORADO NOTTING','A Action-Packed Tale of a Sumo Wrestler And a A Shark who must Meet a Frisbee in California',2006,1,NULL,5,4.99,139,26.99,'NC-17','Commentaries','2006-02-15 08:03:42'),(245,'DOUBLE WRATH','A Thoughtful Yarn of a Womanizer And a Dog who must Challenge a Madman in The Gulf of Mexico',2006,1,NULL,4,0.99,177,28.99,'R','Trailers,Deleted Scenes,Behind the Scenes','2006-02-15 08:03:42'),(246,'DOUBTFIRE LABYRINTH','A Intrepid Panorama of a Butler And a Composer who must Meet a Mad Cow in The Sahara Desert',2006,1,NULL,5,4.99,154,16.99,'R','Deleted Scenes,Behind the Scenes','2006-02-15 08:03:42'),(247,'DOWNHILL ENOUGH','A Emotional Tale of a Pastry Chef And a Forensic Psychologist who must Succumb a Monkey in The Sahara Desert',2006,1,NULL,3,0.99,47,19.99,'G','Trailers,Commentaries,Deleted Scenes','2006-02-15 08:03:42'),(248,'DOZEN LION','A Taut Drama of a Cat And a Girl who must Defeat a Frisbee in The Canadian Rockies',2006,1,NULL,6,4.99,177,20.99,'NC-17','Commentaries,Deleted Scenes,Behind the Scenes','2006-02-15 08:03:42'),(249,'DRACULA CRYSTAL','A Thrilling Reflection of a Feminist And a Cat who must Find a Frisbee in An Abandoned Fun House',2006,1,NULL,7,0.99,176,26.99,'G','Commentaries','2006-02-15 08:03:42'),(250,'DRAGON SQUAD','A Taut Reflection of a Boy And a Waitress who must Outgun a Teacher in Ancient China',2006,1,NULL,4,0.99,170,26.99,'NC-17','Deleted Scenes,Behind the Scenes','2006-02-15 08:03:42'),(251,'DRAGONFLY STRANGERS','A Boring Documentary of a Pioneer And a Man who must Vanquish a Man in Nigeria',2006,1,NULL,6,4.99,133,19.99,'NC-17','Trailers,Behind the Scenes','2006-02-15 08:03:42'),(252,'DREAM PICKUP','A Epic Display of a Car And a Composer who must Overcome a Forensic Psychologist in The Gulf of Mexico',2006,1,NULL,6,2.99,135,18.99,'PG','Trailers,Commentaries,Behind the Scenes','2006-02-15 08:03:42'),(253,'DRIFTER COMMANDMENTS','A Epic Reflection of a Womanizer And a Squirrel who must Discover a Husband in A Jet Boat',2006,1,NULL,5,4.99,61,18.99,'PG-13','Trailers,Behind the Scenes','2006-02-15 08:03:42'),(254,'DRIVER ANNIE','A Lacklusture Character Study of a Butler And a Car who must Redeem a Boat in An Abandoned Fun House',2006,1,NULL,4,2.99,159,11.99,'PG-13','Trailers,Deleted Scenes,Behind the Scenes','2006-02-15 08:03:42'),(255,'DRIVING POLISH','A Action-Packed Yarn of a Feminist And a Technical Writer who must Sink a Boat in An Abandoned Mine Shaft',2006,1,NULL,6,4.99,175,21.99,'NC-17','Trailers,Deleted Scenes','2006-02-15 08:03:42'),(256,'DROP WATERFRONT','A Fanciful Documentary of a Husband And a Explorer who must Reach a Madman in Ancient China',2006,1,NULL,6,4.99,178,20.99,'R','Trailers,Commentaries','2006-02-15 08:03:42'),(257,'DRUMLINE CYCLONE','A Insightful Panorama of a Monkey And a Sumo Wrestler who must Outrace a Mad Scientist in The Canadian Rockies',2006,1,NULL,3,0.99,110,14.99,'G','Commentaries,Deleted Scenes,Behind the Scenes','2006-02-15 08:03:42'),(258,'DRUMS DYNAMITE','A Epic Display of a Crocodile And a Crocodile who must Confront a Dog in An Abandoned Amusement Park',2006,1,NULL,6,0.99,96,11.99,'PG','Trailers','2006-02-15 08:03:42'),(259,'DUCK RACER','A Lacklusture Yarn of a Teacher And a Squirrel who must Overcome a Dog in A Shark Tank',2006,1,NULL,4,2.99,116,15.99,'NC-17','Behind the Scenes','2006-02-15 08:03:42'),(260,'DUDE BLINDNESS','A Stunning Reflection of a Husband And a Lumberjack who must Face a Frisbee in An Abandoned Fun House',2006,1,NULL,3,4.99,132,9.99,'G','Trailers,Deleted Scenes','2006-02-15 08:03:42'),(261,'DUFFEL APOCALYPSE','A Emotional Display of a Boat And a Explorer who must Challenge a Madman in A MySQL Convention',2006,1,NULL,5,0.99,171,13.99,'G','Commentaries','2006-02-15 08:03:42'),(262,'DUMBO LUST','A Touching Display of a Feminist And a Dentist who must Conquer a Husband in The Gulf of Mexico',2006,1,NULL,5,0.99,119,17.99,'NC-17','Behind the Scenes','2006-02-15 08:03:42'),(263,'DURHAM PANKY','A Brilliant Panorama of a Girl And a Boy who must Face a Mad Scientist in An Abandoned Mine Shaft',2006,1,NULL,6,4.99,154,14.99,'R','Trailers,Commentaries','2006-02-15 08:03:42'),(264,'DWARFS ALTER','A Emotional Yarn of a Girl And a Dog who must Challenge a Composer in Ancient Japan',2006,1,NULL,6,2.99,101,13.99,'G','Commentaries,Deleted Scenes','2006-02-15 08:03:42'),(265,'DYING MAKER','A Intrepid Tale of a Boat And a Monkey who must Kill a Cat in California',2006,1,NULL,5,4.99,168,28.99,'PG','Behind the Scenes','2006-02-15 08:03:42'),(266,'DYNAMITE TARZAN','A Intrepid Documentary of a Forensic Psychologist And a Mad Scientist who must Face a Explorer in A U-Boat',2006,1,NULL,4,0.99,141,27.99,'PG-13','Deleted Scenes','2006-02-15 08:03:42'),(267,'EAGLES PANKY','A Thoughtful Story of a Car And a Boy who must Find a A Shark in The Sahara Desert',2006,1,NULL,4,4.99,140,14.99,'NC-17','Trailers,Commentaries,Behind the Scenes','2006-02-15 08:03:42'),(268,'EARLY HOME','A Amazing Panorama of a Mad Scientist And a Husband who must Meet a Woman in The Outback',2006,1,NULL,6,4.99,96,27.99,'NC-17','Trailers,Commentaries,Behind the Scenes','2006-02-15 08:03:42'),(269,'EARRING INSTINCT','A Stunning Character Study of a Dentist And a Mad Cow who must Find a Teacher in Nigeria',2006,1,NULL,3,0.99,98,22.99,'R','Behind the Scenes','2006-02-15 08:03:42'),(270,'EARTH VISION','A Stunning Drama of a Butler And a Madman who must Outrace a Womanizer in Ancient India',2006,1,NULL,7,0.99,85,29.99,'NC-17','Trailers,Commentaries,Deleted Scenes','2006-02-15 08:03:42'),(271,'EASY GLADIATOR','A Fateful Story of a Monkey And a Girl who must Overcome a Pastry Chef in Ancient India',2006,1,NULL,5,4.99,148,12.99,'G','Trailers,Commentaries,Behind the Scenes','2006-02-15 08:03:42'),(272,'EDGE KISSING','A Beautiful Yarn of a Composer And a Mad Cow who must Redeem a Mad Scientist in A Jet Boat',2006,1,NULL,5,4.99,153,9.99,'NC-17','Deleted Scenes','2006-02-15 08:03:42'),(273,'EFFECT GLADIATOR','A Beautiful Display of a Pastry Chef And a Pastry Chef who must Outgun a Forensic Psychologist in A Manhattan Penthouse',2006,1,NULL,6,0.99,107,14.99,'PG','Commentaries','2006-02-15 08:03:42'),(274,'EGG IGBY','A Beautiful Documentary of a Boat And a Sumo Wrestler who must Succumb a Database Administrator in The First Manned Space Station',2006,1,NULL,4,2.99,67,20.99,'PG','Commentaries,Behind the Scenes','2006-02-15 08:03:42'),(275,'EGYPT TENENBAUMS','A Intrepid Story of a Madman And a Secret Agent who must Outrace a Astronaut in An Abandoned Amusement Park',2006,1,NULL,3,0.99,85,11.99,'PG','Commentaries,Deleted Scenes,Behind the Scenes','2006-02-15 08:03:42'),(276,'ELEMENT FREDDY','A Awe-Inspiring Reflection of a Waitress And a Squirrel who must Kill a Mad Cow in A Jet Boat',2006,1,NULL,6,4.99,115,28.99,'NC-17','Commentaries,Behind the Scenes','2006-02-15 08:03:42'),(277,'ELEPHANT TROJAN','A Beautiful Panorama of a Lumberjack And a Forensic Psychologist who must Overcome a Frisbee in A Baloon',2006,1,NULL,4,4.99,126,24.99,'PG-13','Behind the Scenes','2006-02-15 08:03:42'),(278,'ELF MURDER','A Action-Packed Story of a Frisbee And a Woman who must Reach a Girl in An Abandoned Mine Shaft',2006,1,NULL,4,4.99,155,19.99,'NC-17','Trailers,Commentaries,Behind the Scenes','2006-02-15 08:03:42'),(279,'ELIZABETH SHANE','A Lacklusture Display of a Womanizer And a Dog who must Face a Sumo Wrestler in Ancient Japan',2006,1,NULL,7,4.99,152,11.99,'NC-17','Trailers,Deleted Scenes,Behind the Scenes','2006-02-15 08:03:42'),(280,'EMPIRE MALKOVICH','A Amazing Story of a Feminist And a Cat who must Face a Car in An Abandoned Fun House',2006,1,NULL,7,0.99,177,26.99,'G','Deleted Scenes','2006-02-15 08:03:42'),(281,'ENCINO ELF','A Astounding Drama of a Feminist And a Teacher who must Confront a Husband in A Baloon',2006,1,NULL,6,0.99,143,9.99,'G','Trailers,Behind the Scenes','2006-02-15 08:03:42'),(282,'ENCOUNTERS CURTAIN','A Insightful Epistle of a Pastry Chef And a Womanizer who must Build a Boat in New Orleans',2006,1,NULL,5,0.99,92,20.99,'NC-17','Trailers','2006-02-15 08:03:42'),(283,'ENDING CROWDS','A Unbelieveable Display of a Dentist And a Madman who must Vanquish a Squirrel in Berlin',2006,1,NULL,6,0.99,85,10.99,'NC-17','Commentaries,Behind the Scenes','2006-02-15 08:03:42'),(284,'ENEMY ODDS','A Fanciful Panorama of a Mad Scientist And a Woman who must Pursue a Astronaut in Ancient India',2006,1,NULL,5,4.99,77,23.99,'NC-17','Trailers','2006-02-15 08:03:42'),(285,'ENGLISH BULWORTH','A Intrepid Epistle of a Pastry Chef And a Pastry Chef who must Pursue a Crocodile in Ancient China',2006,1,NULL,3,0.99,51,18.99,'PG-13','Deleted Scenes','2006-02-15 08:03:42'),(286,'ENOUGH RAGING','A Astounding Character Study of a Boat And a Secret Agent who must Find a Mad Cow in The Sahara Desert',2006,1,NULL,7,2.99,158,16.99,'NC-17','Commentaries','2006-02-15 08:03:42'),(287,'ENTRAPMENT SATISFACTION','A Thoughtful Panorama of a Hunter And a Teacher who must Reach a Mad Cow in A U-Boat',2006,1,NULL,5,0.99,176,19.99,'R','Commentaries,Deleted Scenes,Behind the Scenes','2006-02-15 08:03:42'),(288,'ESCAPE METROPOLIS','A Taut Yarn of a Astronaut And a Technical Writer who must Outgun a Boat in New Orleans',2006,1,NULL,7,2.99,167,20.99,'R','Trailers','2006-02-15 08:03:42'),(289,'EVE RESURRECTION','A Awe-Inspiring Yarn of a Pastry Chef And a Database Administrator who must Challenge a Teacher in A Baloon',2006,1,NULL,5,4.99,66,25.99,'G','Trailers,Commentaries,Deleted Scenes','2006-02-15 08:03:42'),(290,'EVERYONE CRAFT','A Fateful Display of a Waitress And a Dentist who must Reach a Butler in Nigeria',2006,1,NULL,4,0.99,163,29.99,'PG','Trailers,Commentaries','2006-02-15 08:03:42'),(291,'EVOLUTION ALTER','A Fanciful Character Study of a Feminist And a Madman who must Find a Explorer in A Baloon Factory',2006,1,NULL,5,0.99,174,10.99,'PG-13','Behind the Scenes','2006-02-15 08:03:42'),(292,'EXCITEMENT EVE','A Brilliant Documentary of a Monkey And a Car who must Conquer a Crocodile in A Shark Tank',2006,1,NULL,3,0.99,51,20.99,'G','Commentaries','2006-02-15 08:03:42'),(293,'EXORCIST STING','A Touching Drama of a Dog And a Sumo Wrestler who must Conquer a Mad Scientist in Berlin',2006,1,NULL,6,2.99,167,17.99,'G','Commentaries,Deleted Scenes,Behind the Scenes','2006-02-15 08:03:42'),(294,'EXPECATIONS NATURAL','A Amazing Drama of a Butler And a Husband who must Reach a A Shark in A U-Boat',2006,1,NULL,5,4.99,138,26.99,'PG-13','Deleted Scenes','2006-02-15 08:03:42'),(295,'EXPENDABLE STALLION','A Amazing Character Study of a Mad Cow And a Squirrel who must Discover a Hunter in A U-Boat',2006,1,NULL,3,0.99,97,14.99,'PG','Trailers,Behind the Scenes','2006-02-15 08:03:42'),(296,'EXPRESS LONELY','A Boring Drama of a Astronaut And a Boat who must Face a Boat in California',2006,1,NULL,5,2.99,178,23.99,'R','Trailers','2006-02-15 08:03:42'),(297,'EXTRAORDINARY CONQUERER','A Stunning Story of a Dog And a Feminist who must Face a Forensic Psychologist in Berlin',2006,1,NULL,6,2.99,122,29.99,'G','Trailers,Commentaries,Deleted Scenes','2006-02-15 08:03:42'),(298,'EYES DRIVING','A Thrilling Story of a Cat And a Waitress who must Fight a Explorer in The Outback',2006,1,NULL,4,2.99,172,13.99,'PG-13','Trailers,Commentaries','2006-02-15 08:03:42'),(299,'FACTORY DRAGON','A Action-Packed Saga of a Teacher And a Frisbee who must Escape a Lumberjack in The Sahara Desert',2006,1,NULL,4,0.99,144,9.99,'PG-13','Trailers,Commentaries,Deleted Scenes','2006-02-15 08:03:42'),(300,'FALCON VOLUME','A Fateful Saga of a Sumo Wrestler And a Hunter who must Redeem a A Shark in New Orleans',2006,1,NULL,5,4.99,102,21.99,'PG-13','Commentaries,Behind the Scenes','2006-02-15 08:03:42'),(301,'FAMILY SWEET','A Epic Documentary of a Teacher And a Boy who must Escape a Woman in Berlin',2006,1,NULL,4,0.99,155,24.99,'R','Trailers','2006-02-15 08:03:42'),(302,'FANTASIA PARK','A Thoughtful Documentary of a Mad Scientist And a A Shark who must Outrace a Feminist in Australia',2006,1,NULL,5,2.99,131,29.99,'G','Commentaries','2006-02-15 08:03:42'),(303,'FANTASY TROOPERS','A Touching Saga of a Teacher And a Monkey who must Overcome a Secret Agent in A MySQL Convention',2006,1,NULL,6,0.99,58,27.99,'PG-13','Behind the Scenes','2006-02-15 08:03:42'),(304,'FARGO GANDHI','A Thrilling Reflection of a Pastry Chef And a Crocodile who must Reach a Teacher in The Outback',2006,1,NULL,3,2.99,130,28.99,'G','Deleted Scenes','2006-02-15 08:03:42'),(305,'FATAL HAUNTED','A Beautiful Drama of a Student And a Secret Agent who must Confront a Dentist in Ancient Japan',2006,1,NULL,6,2.99,91,24.99,'PG','Trailers,Behind the Scenes','2006-02-15 08:03:42'),(306,'FEATHERS METAL','A Thoughtful Yarn of a Monkey And a Teacher who must Find a Dog in Australia',2006,1,NULL,3,0.99,104,12.99,'PG-13','Trailers,Deleted Scenes','2006-02-15 08:03:42'),(307,'FELLOWSHIP AUTUMN','A Lacklusture Reflection of a Dentist And a Hunter who must Meet a Teacher in A Baloon',2006,1,NULL,6,4.99,77,9.99,'NC-17','Deleted Scenes,Behind the Scenes','2006-02-15 08:03:42'),(308,'FERRIS MOTHER','A Touching Display of a Frisbee And a Frisbee who must Kill a Girl in The Gulf of Mexico',2006,1,NULL,3,2.99,142,13.99,'PG','Trailers,Deleted Scenes,Behind the Scenes','2006-02-15 08:03:42'),(309,'FEUD FROGMEN','A Brilliant Reflection of a Database Administrator And a Mad Cow who must Chase a Woman in The Canadian Rockies',2006,1,NULL,6,0.99,98,29.99,'R','Trailers,Commentaries,Deleted Scenes,Behind the Scenes','2006-02-15 08:03:42'),(310,'FEVER EMPIRE','A Insightful Panorama of a Cat And a Boat who must Defeat a Boat in The Gulf of Mexico',2006,1,NULL,5,4.99,158,20.99,'R','Commentaries,Deleted Scenes','2006-02-15 08:03:42'),(311,'FICTION CHRISTMAS','A Emotional Yarn of a A Shark And a Student who must Battle a Robot in An Abandoned Mine Shaft',2006,1,NULL,4,0.99,72,14.99,'PG','Trailers,Commentaries,Deleted Scenes,Behind the Scenes','2006-02-15 08:03:42'),(312,'FIDDLER LOST','A Boring Tale of a Squirrel And a Dog who must Challenge a Madman in The Gulf of Mexico',2006,1,NULL,4,4.99,75,20.99,'R','Deleted Scenes,Behind the Scenes','2006-02-15 08:03:42'),(313,'FIDELITY DEVIL','A Awe-Inspiring Drama of a Technical Writer And a Composer who must Reach a Pastry Chef in A U-Boat',2006,1,NULL,5,4.99,118,11.99,'G','Trailers,Deleted Scenes,Behind the Scenes','2006-02-15 08:03:42'),(314,'FIGHT JAWBREAKER','A Intrepid Panorama of a Womanizer And a Girl who must Escape a Girl in A Manhattan Penthouse',2006,1,NULL,3,0.99,91,13.99,'R','Trailers,Commentaries,Deleted Scenes,Behind the Scenes','2006-02-15 08:03:42'),(315,'FINDING ANACONDA','A Fateful Tale of a Database Administrator And a Girl who must Battle a Squirrel in New Orleans',2006,1,NULL,4,0.99,156,10.99,'R','Trailers,Commentaries','2006-02-15 08:03:42'),(316,'FIRE WOLVES','A Intrepid Documentary of a Frisbee And a Dog who must Outrace a Lumberjack in Nigeria',2006,1,NULL,5,4.99,173,18.99,'R','Trailers','2006-02-15 08:03:42'),(317,'FIREBALL PHILADELPHIA','A Amazing Yarn of a Dentist And a A Shark who must Vanquish a Madman in An Abandoned Mine Shaft',2006,1,NULL,4,0.99,148,25.99,'PG','Trailers,Commentaries,Behind the Scenes','2006-02-15 08:03:42'),(318,'FIREHOUSE VIETNAM','A Awe-Inspiring Character Study of a Boat And a Boy who must Kill a Pastry Chef in The Sahara Desert',2006,1,NULL,7,0.99,103,14.99,'G','Commentaries,Deleted Scenes','2006-02-15 08:03:42'),(319,'FISH OPUS','A Touching Display of a Feminist And a Girl who must Confront a Astronaut in Australia',2006,1,NULL,4,2.99,125,22.99,'R','Trailers,Deleted Scenes,Behind the Scenes','2006-02-15 08:03:42'),(320,'FLAMINGOS CONNECTICUT','A Fast-Paced Reflection of a Composer And a Composer who must Meet a Cat in The Sahara Desert',2006,1,NULL,4,4.99,80,28.99,'PG-13','Trailers','2006-02-15 08:03:42'),(321,'FLASH WARS','A Astounding Saga of a Moose And a Pastry Chef who must Chase a Student in The Gulf of Mexico',2006,1,NULL,3,4.99,123,21.99,'NC-17','Trailers,Commentaries,Behind the Scenes','2006-02-15 08:03:42'),(322,'FLATLINERS KILLER','A Taut Display of a Secret Agent And a Waitress who must Sink a Robot in An Abandoned Mine Shaft',2006,1,NULL,5,2.99,100,29.99,'G','Trailers,Commentaries,Deleted Scenes','2006-02-15 08:03:42'),(323,'FLIGHT LIES','A Stunning Character Study of a Crocodile And a Pioneer who must Pursue a Teacher in New Orleans',2006,1,NULL,7,4.99,179,22.99,'R','Trailers','2006-02-15 08:03:42'),(324,'FLINTSTONES HAPPINESS','A Fateful Story of a Husband And a Moose who must Vanquish a Boy in California',2006,1,NULL,3,4.99,148,11.99,'PG-13','Trailers,Commentaries,Deleted Scenes,Behind the Scenes','2006-02-15 08:03:42'),(325,'FLOATS GARDEN','A Action-Packed Epistle of a Robot And a Car who must Chase a Boat in Ancient Japan',2006,1,NULL,6,2.99,145,29.99,'PG-13','Trailers,Commentaries,Behind the Scenes','2006-02-15 08:03:42'),(326,'FLYING HOOK','A Thrilling Display of a Mad Cow And a Dog who must Challenge a Frisbee in Nigeria',2006,1,NULL,6,2.99,69,18.99,'NC-17','Trailers,Commentaries,Behind the Scenes','2006-02-15 08:03:42'),(327,'FOOL MOCKINGBIRD','A Lacklusture Tale of a Crocodile And a Composer who must Defeat a Madman in A U-Boat',2006,1,NULL,3,4.99,158,24.99,'PG','Trailers,Commentaries','2006-02-15 08:03:42'),(328,'FOREVER CANDIDATE','A Unbelieveable Panorama of a Technical Writer And a Man who must Pursue a Frisbee in A U-Boat',2006,1,NULL,7,2.99,131,28.99,'NC-17','Commentaries,Deleted Scenes,Behind the Scenes','2006-02-15 08:03:42'),(329,'FORREST SONS','A Thrilling Documentary of a Forensic Psychologist And a Butler who must Defeat a Explorer in A Jet Boat',2006,1,NULL,4,2.99,63,15.99,'R','Commentaries','2006-02-15 08:03:42'),(330,'FORRESTER COMANCHEROS','A Fateful Tale of a Squirrel And a Forensic Psychologist who must Redeem a Man in Nigeria',2006,1,NULL,7,4.99,112,22.99,'NC-17','Trailers,Behind the Scenes','2006-02-15 08:03:42'),(331,'FORWARD TEMPLE','A Astounding Display of a Forensic Psychologist And a Mad Scientist who must Challenge a Girl in New Orleans',2006,1,NULL,6,2.99,90,25.99,'NC-17','Trailers,Commentaries,Behind the Scenes','2006-02-15 08:03:42'),(332,'FRANKENSTEIN STRANGER','A Insightful Character Study of a Feminist And a Pioneer who must Pursue a Pastry Chef in Nigeria',2006,1,NULL,7,0.99,159,16.99,'NC-17','Deleted Scenes,Behind the Scenes','2006-02-15 08:03:42'),(333,'FREAKY POCUS','A Fast-Paced Documentary of a Pastry Chef And a Crocodile who must Chase a Squirrel in The Gulf of Mexico',2006,1,NULL,7,2.99,126,16.99,'R','Trailers,Behind the Scenes','2006-02-15 08:03:42'),(334,'FREDDY STORM','A Intrepid Saga of a Man And a Lumberjack who must Vanquish a Husband in The Outback',2006,1,NULL,6,4.99,65,21.99,'NC-17','Trailers,Commentaries,Behind the Scenes','2006-02-15 08:03:42'),(335,'FREEDOM CLEOPATRA','A Emotional Reflection of a Dentist And a Mad Cow who must Face a Squirrel in A Baloon',2006,1,NULL,5,0.99,133,23.99,'PG-13','Trailers,Commentaries,Behind the Scenes','2006-02-15 08:03:42'),(336,'FRENCH HOLIDAY','A Thrilling Epistle of a Dog And a Feminist who must Kill a Madman in Berlin',2006,1,NULL,5,4.99,99,22.99,'PG','Behind the Scenes','2006-02-15 08:03:42'),(337,'FRIDA SLIPPER','A Fateful Story of a Lumberjack And a Car who must Escape a Boat in An Abandoned Mine Shaft',2006,1,NULL,6,2.99,73,11.99,'R','Trailers,Deleted Scenes','2006-02-15 08:03:42'),(338,'FRISCO FORREST','A Beautiful Documentary of a Woman And a Pioneer who must Pursue a Mad Scientist in A Shark Tank',2006,1,NULL,6,4.99,51,23.99,'PG','Commentaries,Deleted Scenes,Behind the Scenes','2006-02-15 08:03:42'),(339,'FROGMEN BREAKING','A Unbelieveable Yarn of a Mad Scientist And a Cat who must Chase a Lumberjack in Australia',2006,1,NULL,5,0.99,111,17.99,'R','Trailers,Deleted Scenes,Behind the Scenes','2006-02-15 08:03:42'),(340,'FRONTIER CABIN','A Emotional Story of a Madman And a Waitress who must Battle a Teacher in An Abandoned Fun House',2006,1,NULL,6,4.99,183,14.99,'PG-13','Commentaries,Deleted Scenes','2006-02-15 08:03:42'),(341,'FROST HEAD','A Amazing Reflection of a Lumberjack And a Cat who must Discover a Husband in A MySQL Convention',2006,1,NULL,5,0.99,82,13.99,'PG','Trailers,Deleted Scenes','2006-02-15 08:03:42'),(342,'FUGITIVE MAGUIRE','A Taut Epistle of a Feminist And a Sumo Wrestler who must Battle a Crocodile in Australia',2006,1,NULL,7,4.99,83,28.99,'R','Trailers,Commentaries,Deleted Scenes','2006-02-15 08:03:42'),(343,'FULL FLATLINERS','A Beautiful Documentary of a Astronaut And a Moose who must Pursue a Monkey in A Shark Tank',2006,1,NULL,6,2.99,94,14.99,'PG','Trailers,Deleted Scenes','2006-02-15 08:03:42'),(344,'FURY MURDER','A Lacklusture Reflection of a Boat And a Forensic Psychologist who must Fight a Waitress in A Monastery',2006,1,NULL,3,0.99,178,28.99,'PG-13','Deleted Scenes','2006-02-15 08:03:42'),(345,'GABLES METROPOLIS','A Fateful Display of a Cat And a Pioneer who must Challenge a Pastry Chef in A Baloon Factory',2006,1,NULL,3,0.99,161,17.99,'PG','Trailers,Commentaries','2006-02-15 08:03:42'),(346,'GALAXY SWEETHEARTS','A Emotional Reflection of a Womanizer And a Pioneer who must Face a Squirrel in Berlin',2006,1,NULL,4,4.99,128,13.99,'R','Deleted Scenes','2006-02-15 08:03:42'),(347,'GAMES BOWFINGER','A Astounding Documentary of a Butler And a Explorer who must Challenge a Butler in A Monastery',2006,1,NULL,7,4.99,119,17.99,'PG-13','Behind the Scenes','2006-02-15 08:03:42'),(348,'GANDHI KWAI','A Thoughtful Display of a Mad Scientist And a Secret Agent who must Chase a Boat in Berlin',2006,1,NULL,7,0.99,86,9.99,'PG-13','Trailers','2006-02-15 08:03:42'),(349,'GANGS PRIDE','A Taut Character Study of a Woman And a A Shark who must Confront a Frisbee in Berlin',2006,1,NULL,4,2.99,185,27.99,'PG-13','Behind the Scenes','2006-02-15 08:03:42'),(350,'GARDEN ISLAND','A Unbelieveable Character Study of a Womanizer And a Madman who must Reach a Man in The Outback',2006,1,NULL,3,4.99,80,21.99,'G','Trailers,Behind the Scenes','2006-02-15 08:03:42'),(351,'GASLIGHT CRUSADE','A Amazing Epistle of a Boy And a Astronaut who must Redeem a Man in The Gulf of Mexico',2006,1,NULL,4,2.99,106,10.99,'PG','Trailers,Deleted Scenes','2006-02-15 08:03:42'),(352,'GATHERING CALENDAR','A Intrepid Tale of a Pioneer And a Moose who must Conquer a Frisbee in A MySQL Convention',2006,1,NULL,4,0.99,176,22.99,'PG-13','Commentaries,Behind the Scenes','2006-02-15 08:03:42'),(353,'GENTLEMEN STAGE','A Awe-Inspiring Reflection of a Monkey And a Student who must Overcome a Dentist in The First Manned Space Station',2006,1,NULL,6,2.99,125,22.99,'NC-17','Commentaries,Deleted Scenes','2006-02-15 08:03:42'),(354,'GHOST GROUNDHOG','A Brilliant Panorama of a Madman And a Composer who must Succumb a Car in Ancient India',2006,1,NULL,6,4.99,85,18.99,'G','Trailers,Commentaries,Deleted Scenes,Behind the Scenes','2006-02-15 08:03:42'),(355,'GHOSTBUSTERS ELF','A Thoughtful Epistle of a Dog And a Feminist who must Chase a Composer in Berlin',2006,1,NULL,7,0.99,101,18.99,'R','Trailers,Deleted Scenes,Behind the Scenes','2006-02-15 08:03:42'),(356,'GIANT TROOPERS','A Fateful Display of a Feminist And a Monkey who must Vanquish a Monkey in The Canadian Rockies',2006,1,NULL,5,2.99,102,10.99,'R','Trailers,Commentaries','2006-02-15 08:03:42'),(357,'GILBERT PELICAN','A Fateful Tale of a Man And a Feminist who must Conquer a Crocodile in A Manhattan Penthouse',2006,1,NULL,7,0.99,114,13.99,'G','Trailers,Commentaries','2006-02-15 08:03:42'),(358,'GILMORE BOILED','A Unbelieveable Documentary of a Boat And a Husband who must Succumb a Student in A U-Boat',2006,1,NULL,5,0.99,163,29.99,'R','Trailers,Behind the Scenes','2006-02-15 08:03:42'),(359,'GLADIATOR WESTWARD','A Astounding Reflection of a Squirrel And a Sumo Wrestler who must Sink a Dentist in Ancient Japan',2006,1,NULL,6,4.99,173,20.99,'PG','Commentaries,Deleted Scenes','2006-02-15 08:03:42'),(360,'GLASS DYING','A Astounding Drama of a Frisbee And a Astronaut who must Fight a Dog in Ancient Japan',2006,1,NULL,4,0.99,103,24.99,'G','Trailers','2006-02-15 08:03:42'),(361,'GLEAMING JAWBREAKER','A Amazing Display of a Composer And a Forensic Psychologist who must Discover a Car in The Canadian Rockies',2006,1,NULL,5,2.99,89,25.99,'NC-17','Trailers,Commentaries','2006-02-15 08:03:42'),(362,'GLORY TRACY','A Amazing Saga of a Woman And a Womanizer who must Discover a Cat in The First Manned Space Station',2006,1,NULL,7,2.99,115,13.99,'PG-13','Trailers,Commentaries,Behind the Scenes','2006-02-15 08:03:42'),(363,'GO PURPLE','A Fast-Paced Display of a Car And a Database Administrator who must Battle a Woman in A Baloon',2006,1,NULL,3,0.99,54,12.99,'R','Trailers','2006-02-15 08:03:42'),(364,'GODFATHER DIARY','A Stunning Saga of a Lumberjack And a Squirrel who must Chase a Car in The Outback',2006,1,NULL,3,2.99,73,14.99,'NC-17','Trailers','2006-02-15 08:03:42'),(365,'GOLD RIVER','A Taut Documentary of a Database Administrator And a Waitress who must Reach a Mad Scientist in A Baloon Factory',2006,1,NULL,4,4.99,154,21.99,'R','Trailers,Commentaries,Deleted Scenes,Behind the Scenes','2006-02-15 08:03:42'),(366,'GOLDFINGER SENSIBILITY','A Insightful Drama of a Mad Scientist And a Hunter who must Defeat a Pastry Chef in New Orleans',2006,1,NULL,3,0.99,93,29.99,'G','Trailers,Commentaries,Behind the Scenes','2006-02-15 08:03:42'),(367,'GOLDMINE TYCOON','A Brilliant Epistle of a Composer And a Frisbee who must Conquer a Husband in The Outback',2006,1,NULL,6,0.99,153,20.99,'R','Trailers,Behind the Scenes','2006-02-15 08:03:42'),(368,'GONE TROUBLE','A Insightful Character Study of a Mad Cow And a Forensic Psychologist who must Conquer a A Shark in A Manhattan Penthouse',2006,1,NULL,7,2.99,84,20.99,'R','Deleted Scenes,Behind the Scenes','2006-02-15 08:03:42'),(369,'GOODFELLAS SALUTE','A Unbelieveable Tale of a Dog And a Explorer who must Sink a Mad Cow in A Baloon Factory',2006,1,NULL,4,4.99,56,22.99,'PG','Deleted Scenes','2006-02-15 08:03:42'),(370,'GORGEOUS BINGO','A Action-Packed Display of a Sumo Wrestler And a Car who must Overcome a Waitress in A Baloon Factory',2006,1,NULL,4,2.99,108,26.99,'R','Deleted Scenes,Behind the Scenes','2006-02-15 08:03:42'),(371,'GOSFORD DONNIE','A Epic Panorama of a Mad Scientist And a Monkey who must Redeem a Secret Agent in Berlin',2006,1,NULL,5,4.99,129,17.99,'G','Commentaries','2006-02-15 08:03:42'),(372,'GRACELAND DYNAMITE','A Taut Display of a Cat And a Girl who must Overcome a Database Administrator in New Orleans',2006,1,NULL,5,4.99,140,26.99,'R','Trailers,Commentaries','2006-02-15 08:03:42'),(373,'GRADUATE LORD','A Lacklusture Epistle of a Girl And a A Shark who must Meet a Mad Scientist in Ancient China',2006,1,NULL,7,2.99,156,14.99,'G','Trailers,Behind the Scenes','2006-02-15 08:03:42'),(374,'GRAFFITI LOVE','A Unbelieveable Epistle of a Sumo Wrestler And a Hunter who must Build a Composer in Berlin',2006,1,NULL,3,0.99,117,29.99,'PG','Trailers,Deleted Scenes','2006-02-15 08:03:42'),(375,'GRAIL FRANKENSTEIN','A Unbelieveable Saga of a Teacher And a Monkey who must Fight a Girl in An Abandoned Mine Shaft',2006,1,NULL,4,2.99,85,17.99,'NC-17','Commentaries,Deleted Scenes,Behind the Scenes','2006-02-15 08:03:42'),(376,'GRAPES FURY','A Boring Yarn of a Mad Cow And a Sumo Wrestler who must Meet a Robot in Australia',2006,1,NULL,4,0.99,155,20.99,'G','Commentaries,Behind the Scenes','2006-02-15 08:03:42'),(377,'GREASE YOUTH','A Emotional Panorama of a Secret Agent And a Waitress who must Escape a Composer in Soviet Georgia',2006,1,NULL,7,0.99,135,20.99,'G','Trailers,Deleted Scenes','2006-02-15 08:03:42'),(378,'GREATEST NORTH','A Astounding Character Study of a Secret Agent And a Robot who must Build a A Shark in Berlin',2006,1,NULL,5,2.99,93,24.99,'NC-17','Trailers,Commentaries,Behind the Scenes','2006-02-15 08:03:42'),(379,'GREEDY ROOTS','A Amazing Reflection of a A Shark And a Butler who must Chase a Hunter in The Canadian Rockies',2006,1,NULL,7,0.99,166,14.99,'R','Trailers,Commentaries,Deleted Scenes','2006-02-15 08:03:42'),(380,'GREEK EVERYONE','A Stunning Display of a Butler And a Teacher who must Confront a A Shark in The First Manned Space Station',2006,1,NULL,7,2.99,176,11.99,'PG','Trailers,Deleted Scenes','2006-02-15 08:03:42'),(381,'GRINCH MASSAGE','A Intrepid Display of a Madman And a Feminist who must Pursue a Pioneer in The First Manned Space Station',2006,1,NULL,7,4.99,150,25.99,'R','Trailers','2006-02-15 08:03:42'),(382,'GRIT CLOCKWORK','A Thoughtful Display of a Dentist And a Squirrel who must Confront a Lumberjack in A Shark Tank',2006,1,NULL,3,0.99,137,21.99,'PG','Trailers,Deleted Scenes','2006-02-15 08:03:42'),(383,'GROOVE FICTION','A Unbelieveable Reflection of a Moose And a A Shark who must Defeat a Lumberjack in An Abandoned Mine Shaft',2006,1,NULL,6,0.99,111,13.99,'NC-17','Behind the Scenes','2006-02-15 08:03:42'),(384,'GROSSE WONDERFUL','A Epic Drama of a Cat And a Explorer who must Redeem a Moose in Australia',2006,1,NULL,5,4.99,49,19.99,'R','Behind the Scenes','2006-02-15 08:03:42'),(385,'GROUNDHOG UNCUT','A Brilliant Panorama of a Astronaut And a Technical Writer who must Discover a Butler in A Manhattan Penthouse',2006,1,NULL,6,4.99,139,26.99,'PG-13','Trailers,Commentaries,Deleted Scenes,Behind the Scenes','2006-02-15 08:03:42'),(386,'GUMP DATE','A Intrepid Yarn of a Explorer And a Student who must Kill a Husband in An Abandoned Mine Shaft',2006,1,NULL,3,4.99,53,12.99,'NC-17','Deleted Scenes','2006-02-15 08:03:42'),(387,'GUN BONNIE','A Boring Display of a Sumo Wrestler And a Husband who must Build a Waitress in The Gulf of Mexico',2006,1,NULL,7,0.99,100,27.99,'G','Behind the Scenes','2006-02-15 08:03:42'),(388,'GUNFIGHT MOON','A Epic Reflection of a Pastry Chef And a Explorer who must Reach a Dentist in The Sahara Desert',2006,1,NULL,5,0.99,70,16.99,'NC-17','Deleted Scenes,Behind the Scenes','2006-02-15 08:03:42'),(389,'GUNFIGHTER MUSSOLINI','A Touching Saga of a Robot And a Boy who must Kill a Man in Ancient Japan',2006,1,NULL,3,2.99,127,9.99,'PG-13','Trailers,Commentaries','2006-02-15 08:03:42'),(390,'GUYS FALCON','A Boring Story of a Woman And a Feminist who must Redeem a Squirrel in A U-Boat',2006,1,NULL,4,4.99,84,20.99,'R','Trailers,Commentaries,Behind the Scenes','2006-02-15 08:03:42'),(391,'HALF OUTFIELD','A Epic Epistle of a Database Administrator And a Crocodile who must Face a Madman in A Jet Boat',2006,1,NULL,6,2.99,146,25.99,'PG-13','Trailers,Commentaries,Deleted Scenes,Behind the Scenes','2006-02-15 08:03:42'),(392,'HALL CASSIDY','A Beautiful Panorama of a Pastry Chef And a A Shark who must Battle a Pioneer in Soviet Georgia',2006,1,NULL,5,4.99,51,13.99,'NC-17','Commentaries,Behind the Scenes','2006-02-15 08:03:42'),(393,'HALLOWEEN NUTS','A Amazing Panorama of a Forensic Psychologist And a Technical Writer who must Fight a Dentist in A U-Boat',2006,1,NULL,6,2.99,47,19.99,'PG-13','Deleted Scenes','2006-02-15 08:03:42'),(394,'HAMLET WISDOM','A Touching Reflection of a Man And a Man who must Sink a Robot in The Outback',2006,1,NULL,7,2.99,146,21.99,'R','Trailers,Deleted Scenes','2006-02-15 08:03:42'),(395,'HANDICAP BOONDOCK','A Beautiful Display of a Pioneer And a Squirrel who must Vanquish a Sumo Wrestler in Soviet Georgia',2006,1,NULL,4,0.99,108,28.99,'R','Commentaries,Deleted Scenes,Behind the Scenes','2006-02-15 08:03:42'),(396,'HANGING DEEP','A Action-Packed Yarn of a Boat And a Crocodile who must Build a Monkey in Berlin',2006,1,NULL,5,4.99,62,18.99,'G','Trailers,Commentaries,Deleted Scenes','2006-02-15 08:03:42'),(397,'HANKY OCTOBER','A Boring Epistle of a Database Administrator And a Explorer who must Pursue a Madman in Soviet Georgia',2006,1,NULL,5,2.99,107,26.99,'NC-17','Trailers,Commentaries,Deleted Scenes','2006-02-15 08:03:42'),(398,'HANOVER GALAXY','A Stunning Reflection of a Girl And a Secret Agent who must Succumb a Boy in A MySQL Convention',2006,1,NULL,5,4.99,47,21.99,'NC-17','Commentaries,Deleted Scenes,Behind the Scenes','2006-02-15 08:03:42'),(399,'HAPPINESS UNITED','A Action-Packed Panorama of a Husband And a Feminist who must Meet a Forensic Psychologist in Ancient Japan',2006,1,NULL,6,2.99,100,23.99,'G','Deleted Scenes','2006-02-15 08:03:42'),(400,'HARDLY ROBBERS','A Emotional Character Study of a Hunter And a Car who must Kill a Woman in Berlin',2006,1,NULL,7,2.99,72,15.99,'R','Trailers,Behind the Scenes','2006-02-15 08:03:42'),(401,'HAROLD FRENCH','A Stunning Saga of a Sumo Wrestler And a Student who must Outrace a Moose in The Sahara Desert',2006,1,NULL,6,0.99,168,10.99,'NC-17','Commentaries,Deleted Scenes,Behind the Scenes','2006-02-15 08:03:42'),(402,'HARPER DYING','A Awe-Inspiring Reflection of a Woman And a Cat who must Confront a Feminist in The Sahara Desert',2006,1,NULL,3,0.99,52,15.99,'G','Trailers','2006-02-15 08:03:42'),(403,'HARRY IDAHO','A Taut Yarn of a Technical Writer And a Feminist who must Outrace a Dog in California',2006,1,NULL,5,4.99,121,18.99,'PG-13','Commentaries,Deleted Scenes','2006-02-15 08:03:42'),(404,'HATE HANDICAP','A Intrepid Reflection of a Mad Scientist And a Pioneer who must Overcome a Hunter in The First Manned Space Station',2006,1,NULL,4,0.99,107,26.99,'PG','Trailers,Commentaries,Behind the Scenes','2006-02-15 08:03:42'),(405,'HAUNTED ANTITRUST','A Amazing Saga of a Man And a Dentist who must Reach a Technical Writer in Ancient India',2006,1,NULL,6,4.99,76,13.99,'NC-17','Trailers,Deleted Scenes','2006-02-15 08:03:42'),(406,'HAUNTING PIANIST','A Fast-Paced Story of a Database Administrator And a Composer who must Defeat a Squirrel in An Abandoned Amusement Park',2006,1,NULL,5,0.99,181,22.99,'R','Behind the Scenes','2006-02-15 08:03:42'),(407,'HAWK CHILL','A Action-Packed Drama of a Mad Scientist And a Composer who must Outgun a Car in Australia',2006,1,NULL,5,0.99,47,12.99,'PG-13','Behind the Scenes','2006-02-15 08:03:42'),(408,'HEAD STRANGER','A Thoughtful Saga of a Hunter And a Crocodile who must Confront a Dog in The Gulf of Mexico',2006,1,NULL,4,4.99,69,28.99,'R','Trailers,Commentaries','2006-02-15 08:03:42'),(409,'HEARTBREAKERS BRIGHT','A Awe-Inspiring Documentary of a A Shark And a Dentist who must Outrace a Pastry Chef in The Canadian Rockies',2006,1,NULL,3,4.99,59,9.99,'G','Trailers,Deleted Scenes','2006-02-15 08:03:42'),(410,'HEAVEN FREEDOM','A Intrepid Story of a Butler And a Car who must Vanquish a Man in New Orleans',2006,1,NULL,7,2.99,48,19.99,'PG','Commentaries','2006-02-15 08:03:42'),(411,'HEAVENLY GUN','A Beautiful Yarn of a Forensic Psychologist And a Frisbee who must Battle a Moose in A Jet Boat',2006,1,NULL,5,4.99,49,13.99,'NC-17','Behind the Scenes','2006-02-15 08:03:42'),(412,'HEAVYWEIGHTS BEAST','A Unbelieveable Story of a Composer And a Dog who must Overcome a Womanizer in An Abandoned Amusement Park',2006,1,NULL,6,4.99,102,25.99,'G','Deleted Scenes','2006-02-15 08:03:42'),(413,'HEDWIG ALTER','A Action-Packed Yarn of a Womanizer And a Lumberjack who must Chase a Sumo Wrestler in A Monastery',2006,1,NULL,7,2.99,169,16.99,'NC-17','Trailers,Commentaries,Behind the Scenes','2006-02-15 08:03:42'),(414,'HELLFIGHTERS SIERRA','A Taut Reflection of a A Shark And a Dentist who must Battle a Boat in Soviet Georgia',2006,1,NULL,3,2.99,75,23.99,'PG','Deleted Scenes,Behind the Scenes','2006-02-15 08:03:42'),(415,'HIGH ENCINO','A Fateful Saga of a Waitress And a Hunter who must Outrace a Sumo Wrestler in Australia',2006,1,NULL,3,2.99,84,23.99,'R','Trailers,Commentaries,Behind the Scenes','2006-02-15 08:03:42'),(416,'HIGHBALL POTTER','A Action-Packed Saga of a Husband And a Dog who must Redeem a Database Administrator in The Sahara Desert',2006,1,NULL,6,0.99,110,10.99,'R','Deleted Scenes','2006-02-15 08:03:42'),(417,'HILLS NEIGHBORS','A Epic Display of a Hunter And a Feminist who must Sink a Car in A U-Boat',2006,1,NULL,5,0.99,93,29.99,'G','Trailers,Commentaries,Deleted Scenes,Behind the Scenes','2006-02-15 08:03:42'),(418,'HOBBIT ALIEN','A Emotional Drama of a Husband And a Girl who must Outgun a Composer in The First Manned Space Station',2006,1,NULL,5,0.99,157,27.99,'PG-13','Commentaries','2006-02-15 08:03:42'),(419,'HOCUS FRIDA','A Awe-Inspiring Tale of a Girl And a Madman who must Outgun a Student in A Shark Tank',2006,1,NULL,4,2.99,141,19.99,'G','Trailers,Deleted Scenes,Behind the Scenes','2006-02-15 08:03:42'),(420,'HOLES BRANNIGAN','A Fast-Paced Reflection of a Technical Writer And a Student who must Fight a Boy in The Canadian Rockies',2006,1,NULL,7,4.99,128,27.99,'PG','Commentaries,Behind the Scenes','2006-02-15 08:03:42'),(421,'HOLIDAY GAMES','A Insightful Reflection of a Waitress And a Madman who must Pursue a Boy in Ancient Japan',2006,1,NULL,7,4.99,78,10.99,'PG-13','Trailers,Commentaries,Behind the Scenes','2006-02-15 08:03:42'),(422,'HOLLOW JEOPARDY','A Beautiful Character Study of a Robot And a Astronaut who must Overcome a Boat in A Monastery',2006,1,NULL,7,4.99,136,25.99,'NC-17','Behind the Scenes','2006-02-15 08:03:42'),(423,'HOLLYWOOD ANONYMOUS','A Fast-Paced Epistle of a Boy And a Explorer who must Escape a Dog in A U-Boat',2006,1,NULL,7,0.99,69,29.99,'PG','Trailers,Behind the Scenes','2006-02-15 08:03:42'),(424,'HOLOCAUST HIGHBALL','A Awe-Inspiring Yarn of a Composer And a Man who must Find a Robot in Soviet Georgia',2006,1,NULL,6,0.99,149,12.99,'R','Deleted Scenes','2006-02-15 08:03:42'),(425,'HOLY TADPOLE','A Action-Packed Display of a Feminist And a Pioneer who must Pursue a Dog in A Baloon Factory',2006,1,NULL,6,0.99,88,20.99,'R','Behind the Scenes','2006-02-15 08:03:42'),(426,'HOME PITY','A Touching Panorama of a Man And a Secret Agent who must Challenge a Teacher in A MySQL Convention',2006,1,NULL,7,4.99,185,15.99,'R','Trailers,Commentaries,Behind the Scenes','2006-02-15 08:03:42'),(427,'HOMEWARD CIDER','A Taut Reflection of a Astronaut And a Squirrel who must Fight a Squirrel in A Manhattan Penthouse',2006,1,NULL,5,0.99,103,19.99,'R','Trailers','2006-02-15 08:03:42'),(428,'HOMICIDE PEACH','A Astounding Documentary of a Hunter And a Boy who must Confront a Boy in A MySQL Convention',2006,1,NULL,6,2.99,141,21.99,'PG-13','Commentaries','2006-02-15 08:03:42'),(429,'HONEY TIES','A Taut Story of a Waitress And a Crocodile who must Outrace a Lumberjack in A Shark Tank',2006,1,NULL,3,0.99,84,29.99,'R','Trailers,Commentaries,Deleted Scenes','2006-02-15 08:03:42'),(430,'HOOK CHARIOTS','A Insightful Story of a Boy And a Dog who must Redeem a Boy in Australia',2006,1,NULL,7,0.99,49,23.99,'G','Trailers,Commentaries,Behind the Scenes','2006-02-15 08:03:42'),(431,'HOOSIERS BIRDCAGE','A Astounding Display of a Explorer And a Boat who must Vanquish a Car in The First Manned Space Station',2006,1,NULL,3,2.99,176,12.99,'G','Trailers,Commentaries,Deleted Scenes','2006-02-15 08:03:42'),(432,'HOPE TOOTSIE','A Amazing Documentary of a Student And a Sumo Wrestler who must Outgun a A Shark in A Shark Tank',2006,1,NULL,4,2.99,139,22.99,'NC-17','Trailers,Deleted Scenes,Behind the Scenes','2006-02-15 08:03:42'),(433,'HORN WORKING','A Stunning Display of a Mad Scientist And a Technical Writer who must Succumb a Monkey in A Shark Tank',2006,1,NULL,4,2.99,95,23.99,'PG','Trailers','2006-02-15 08:03:42'),(434,'HORROR REIGN','A Touching Documentary of a A Shark And a Car who must Build a Husband in Nigeria',2006,1,NULL,3,0.99,139,25.99,'R','Deleted Scenes,Behind the Scenes','2006-02-15 08:03:42'),(435,'HOTEL HAPPINESS','A Thrilling Yarn of a Pastry Chef And a A Shark who must Challenge a Mad Scientist in The Outback',2006,1,NULL,6,4.99,181,28.99,'PG-13','Behind the Scenes','2006-02-15 08:03:42'),(436,'HOURS RAGE','A Fateful Story of a Explorer And a Feminist who must Meet a Technical Writer in Soviet Georgia',2006,1,NULL,4,0.99,122,14.99,'NC-17','Trailers,Deleted Scenes','2006-02-15 08:03:42'),(437,'HOUSE DYNAMITE','A Taut Story of a Pioneer And a Squirrel who must Battle a Student in Soviet Georgia',2006,1,NULL,7,2.99,109,13.99,'R','Commentaries,Deleted Scenes,Behind the Scenes','2006-02-15 08:03:42'),(438,'HUMAN GRAFFITI','A Beautiful Reflection of a Womanizer And a Sumo Wrestler who must Chase a Database Administrator in The Gulf of Mexico',2006,1,NULL,3,2.99,68,22.99,'NC-17','Trailers,Behind the Scenes','2006-02-15 08:03:42'),(439,'HUNCHBACK IMPOSSIBLE','A Touching Yarn of a Frisbee And a Dentist who must Fight a Composer in Ancient Japan',2006,1,NULL,4,4.99,151,28.99,'PG-13','Trailers,Deleted Scenes','2006-02-15 08:03:42'),(440,'HUNGER ROOF','A Unbelieveable Yarn of a Student And a Database Administrator who must Outgun a Husband in An Abandoned Mine Shaft',2006,1,NULL,6,0.99,105,21.99,'G','Deleted Scenes,Behind the Scenes','2006-02-15 08:03:42'),(441,'HUNTER ALTER','A Emotional Drama of a Mad Cow And a Boat who must Redeem a Secret Agent in A Shark Tank',2006,1,NULL,5,2.99,125,21.99,'PG-13','Commentaries,Deleted Scenes,Behind the Scenes','2006-02-15 08:03:42'),(442,'HUNTING MUSKETEERS','A Thrilling Reflection of a Pioneer And a Dentist who must Outrace a Womanizer in An Abandoned Mine Shaft',2006,1,NULL,6,2.99,65,24.99,'NC-17','Trailers,Deleted Scenes','2006-02-15 08:03:42'),(443,'HURRICANE AFFAIR','A Lacklusture Epistle of a Database Administrator And a Woman who must Meet a Hunter in An Abandoned Mine Shaft',2006,1,NULL,6,2.99,49,11.99,'PG','Trailers,Commentaries,Behind the Scenes','2006-02-15 08:03:42'),(444,'HUSTLER PARTY','A Emotional Reflection of a Sumo Wrestler And a Monkey who must Conquer a Robot in The Sahara Desert',2006,1,NULL,3,4.99,83,22.99,'NC-17','Trailers,Commentaries,Behind the Scenes','2006-02-15 08:03:42'),(445,'HYDE DOCTOR','A Fanciful Documentary of a Boy And a Woman who must Redeem a Womanizer in A Jet Boat',2006,1,NULL,5,2.99,100,11.99,'G','Trailers,Deleted Scenes','2006-02-15 08:03:42'),(446,'HYSTERICAL GRAIL','A Amazing Saga of a Madman And a Dentist who must Build a Car in A Manhattan Penthouse',2006,1,NULL,5,4.99,150,19.99,'PG','Trailers,Commentaries,Deleted Scenes','2006-02-15 08:03:42'),(447,'ICE CROSSING','A Fast-Paced Tale of a Butler And a Moose who must Overcome a Pioneer in A Manhattan Penthouse',2006,1,NULL,5,2.99,131,28.99,'R','Deleted Scenes','2006-02-15 08:03:42'),(448,'IDAHO LOVE','A Fast-Paced Drama of a Student And a Crocodile who must Meet a Database Administrator in The Outback',2006,1,NULL,3,2.99,172,25.99,'PG-13','Trailers,Commentaries,Deleted Scenes,Behind the Scenes','2006-02-15 08:03:42'),(449,'IDENTITY LOVER','A Boring Tale of a Composer And a Mad Cow who must Defeat a Car in The Outback',2006,1,NULL,4,2.99,119,12.99,'PG-13','Deleted Scenes','2006-02-15 08:03:42'),(450,'IDOLS SNATCHERS','A Insightful Drama of a Car And a Composer who must Fight a Man in A Monastery',2006,1,NULL,5,2.99,84,29.99,'NC-17','Trailers','2006-02-15 08:03:42'),(451,'IGBY MAKER','A Epic Documentary of a Hunter And a Dog who must Outgun a Dog in A Baloon Factory',2006,1,NULL,7,4.99,160,12.99,'NC-17','Trailers,Behind the Scenes','2006-02-15 08:03:42'),(452,'ILLUSION AMELIE','A Emotional Epistle of a Boat And a Mad Scientist who must Outrace a Robot in An Abandoned Mine Shaft',2006,1,NULL,4,0.99,122,15.99,'R','Commentaries,Behind the Scenes','2006-02-15 08:03:42'),(453,'IMAGE PRINCESS','A Lacklusture Panorama of a Secret Agent And a Crocodile who must Discover a Madman in The Canadian Rockies',2006,1,NULL,3,2.99,178,17.99,'PG-13','Trailers,Commentaries,Deleted Scenes','2006-02-15 08:03:42'),(454,'IMPACT ALADDIN','A Epic Character Study of a Frisbee And a Moose who must Outgun a Technical Writer in A Shark Tank',2006,1,NULL,6,0.99,180,20.99,'PG-13','Trailers,Deleted Scenes','2006-02-15 08:03:42'),(455,'IMPOSSIBLE PREJUDICE','A

